ID,electricity_consumption
cluster_1_2022-01-01,277.0236
cluster_2_2022-01-01,391.4308
cluster_3_2022-01-01,554.5046
cluster_4_2022-01-01,763.1849
cluster_1_2022-01-02,261.772
cluster_2_2022-01-02,402.1214
cluster_3_2022-01-02,557.9737
cluster_4_2022-01-02,797.4202
cluster_1_2022-01-03,271.28116
cluster_2_2022-01-03,397.7907
cluster_3_2022-01-03,557.1313
cluster_4_2022-01-03,793.94696
cluster_1_2022-01-04,267.6276
cluster_2_2022-01-04,369.35043
cluster_3_2022-01-04,502.421
cluster_4_2022-01-04,717.6433
cluster_1_2022-01-05,246.56041
cluster_2_2022-01-05,336.01596
cluster_3_2022-01-05,469.36777
cluster_4_2022-01-05,672.11664
cluster_1_2022-01-06,259.99402
cluster_2_2022-01-06,350.70914
cluster_3_2022-01-06,489.92923
cluster_4_2022-01-06,700.22833
cluster_1_2022-01-07,268.4587
cluster_2_2022-01-07,389.16055
cluster_3_2022-01-07,557.2351
cluster_4_2022-01-07,788.08484
cluster_1_2022-01-08,278.7834
cluster_2_2022-01-08,397.39523
cluster_3_2022-01-08,575.4154
cluster_4_2022-01-08,797.16833
cluster_1_2022-01-09,279.06137
cluster_2_2022-01-09,404.20944
cluster_3_2022-01-09,574.5834
cluster_4_2022-01-09,803.5933
cluster_1_2022-01-10,271.25443
cluster_2_2022-01-10,408.0667
cluster_3_2022-01-10,578.4499
cluster_4_2022-01-10,820.3044
cluster_1_2022-01-11,269.04236
cluster_2_2022-01-11,371.55353
cluster_3_2022-01-11,516.33777
cluster_4_2022-01-11,742.195
cluster_1_2022-01-12,245.55974
cluster_2_2022-01-12,345.37625
cluster_3_2022-01-12,494.53802
cluster_4_2022-01-12,710.82965
cluster_1_2022-01-13,278.0044
cluster_2_2022-01-13,395.31998
cluster_3_2022-01-13,570.76764
cluster_4_2022-01-13,807.47174
cluster_1_2022-01-14,286.9298
cluster_2_2022-01-14,415.34476
cluster_3_2022-01-14,602.05316
cluster_4_2022-01-14,839.0426
cluster_1_2022-01-15,285.04852
cluster_2_2022-01-15,411.55862
cluster_3_2022-01-15,590.5444
cluster_4_2022-01-15,825.5848
cluster_1_2022-01-16,276.6517
cluster_2_2022-01-16,417.3123
cluster_3_2022-01-16,593.4012
cluster_4_2022-01-16,852.8452
cluster_1_2022-01-17,275.66705
cluster_2_2022-01-17,420.0043
cluster_3_2022-01-17,591.0889
cluster_4_2022-01-17,845.31573
cluster_1_2022-01-18,272.26047
cluster_2_2022-01-18,382.20493
cluster_3_2022-01-18,527.77704
cluster_4_2022-01-18,757.47284
cluster_1_2022-01-19,242.83647
cluster_2_2022-01-19,351.1689
cluster_3_2022-01-19,507.28265
cluster_4_2022-01-19,716.33
cluster_1_2022-01-20,274.12433
cluster_2_2022-01-20,399.05603
cluster_3_2022-01-20,577.5324
cluster_4_2022-01-20,818.1666
cluster_1_2022-01-21,287.0721
cluster_2_2022-01-21,416.0547
cluster_3_2022-01-21,599.58
cluster_4_2022-01-21,838.68365
cluster_1_2022-01-22,285.5561
cluster_2_2022-01-22,410.01962
cluster_3_2022-01-22,584.1239
cluster_4_2022-01-22,816.119
cluster_1_2022-01-23,276.36087
cluster_2_2022-01-23,415.96408
cluster_3_2022-01-23,592.20264
cluster_4_2022-01-23,844.4108
cluster_1_2022-01-24,275.65717
cluster_2_2022-01-24,409.25327
cluster_3_2022-01-24,586.7107
cluster_4_2022-01-24,836.84155
cluster_1_2022-01-25,270.85303
cluster_2_2022-01-25,375.7014
cluster_3_2022-01-25,526.03577
cluster_4_2022-01-25,759.0247
cluster_1_2022-01-26,247.62828
cluster_2_2022-01-26,349.59265
cluster_3_2022-01-26,503.20132
cluster_4_2022-01-26,717.975
cluster_1_2022-01-27,276.21564
cluster_2_2022-01-27,399.59674
cluster_3_2022-01-27,581.4877
cluster_4_2022-01-27,822.4332
cluster_1_2022-01-28,292.13208
cluster_2_2022-01-28,421.6033
cluster_3_2022-01-28,616.20386
cluster_4_2022-01-28,854.61005
cluster_1_2022-01-29,288.0857
cluster_2_2022-01-29,417.08658
cluster_3_2022-01-29,602.0169
cluster_4_2022-01-29,845.04834
cluster_1_2022-01-30,280.9546
cluster_2_2022-01-30,430.0164
cluster_3_2022-01-30,617.6568
cluster_4_2022-01-30,881.4498
cluster_1_2022-01-31,282.83878
cluster_2_2022-01-31,425.3046
cluster_3_2022-01-31,613.0907
cluster_4_2022-01-31,869.963
cluster_1_2022-02-01,273.99243
cluster_2_2022-02-01,390.39178
cluster_3_2022-02-01,546.4034
cluster_4_2022-02-01,780.1442
cluster_1_2022-02-02,251.67409
cluster_2_2022-02-02,350.61475
cluster_3_2022-02-02,508.80212
cluster_4_2022-02-02,736.0429
cluster_1_2022-02-03,278.74838
cluster_2_2022-02-03,403.1876
cluster_3_2022-02-03,590.71356
cluster_4_2022-02-03,843.56866
cluster_1_2022-02-04,302.70584
cluster_2_2022-02-04,434.59305
cluster_3_2022-02-04,630.7616
cluster_4_2022-02-04,868.2899
cluster_1_2022-02-05,288.01016
cluster_2_2022-02-05,419.9086
cluster_3_2022-02-05,610.8936
cluster_4_2022-02-05,851.2548
cluster_1_2022-02-06,277.67188
cluster_2_2022-02-06,427.35645
cluster_3_2022-02-06,619.75305
cluster_4_2022-02-06,874.5316
cluster_1_2022-02-07,278.9131
cluster_2_2022-02-07,422.5575
cluster_3_2022-02-07,610.008
cluster_4_2022-02-07,857.64307
cluster_1_2022-02-08,271.1051
cluster_2_2022-02-08,386.30212
cluster_3_2022-02-08,546.87305
cluster_4_2022-02-08,779.6986
cluster_1_2022-02-09,247.79056
cluster_2_2022-02-09,354.42462
cluster_3_2022-02-09,520.6421
cluster_4_2022-02-09,739.5623
cluster_1_2022-02-10,277.33618
cluster_2_2022-02-10,407.10135
cluster_3_2022-02-10,601.8846
cluster_4_2022-02-10,851.1959
cluster_1_2022-02-11,302.89603
cluster_2_2022-02-11,440.8465
cluster_3_2022-02-11,641.8607
cluster_4_2022-02-11,880.29407
cluster_1_2022-02-12,291.82462
cluster_2_2022-02-12,428.44418
cluster_3_2022-02-12,622.7099
cluster_4_2022-02-12,865.67926
cluster_1_2022-02-13,283.1986
cluster_2_2022-02-13,441.42276
cluster_3_2022-02-13,637.1099
cluster_4_2022-02-13,898.2809
cluster_1_2022-02-14,290.06372
cluster_2_2022-02-14,437.0998
cluster_3_2022-02-14,635.58325
cluster_4_2022-02-14,889.02374
cluster_1_2022-02-15,282.216
cluster_2_2022-02-15,403.4606
cluster_3_2022-02-15,571.8879
cluster_4_2022-02-15,798.2498
cluster_1_2022-02-16,254.86324
cluster_2_2022-02-16,362.79834
cluster_3_2022-02-16,529.03986
cluster_4_2022-02-16,742.46344
cluster_1_2022-02-17,274.839
cluster_2_2022-02-17,399.66666
cluster_3_2022-02-17,585.69543
cluster_4_2022-02-17,811.88763
cluster_1_2022-02-18,284.94604
cluster_2_2022-02-18,404.19263
cluster_3_2022-02-18,569.61633
cluster_4_2022-02-18,770.12225
cluster_1_2022-02-19,255.71259
cluster_2_2022-02-19,405.0268
cluster_3_2022-02-19,595.49286
cluster_4_2022-02-19,816.6784
cluster_1_2022-02-20,287.95102
cluster_2_2022-02-20,438.02032
cluster_3_2022-02-20,630.8125
cluster_4_2022-02-20,879.4459
cluster_1_2022-02-21,291.69577
cluster_2_2022-02-21,434.42435
cluster_3_2022-02-21,617.561
cluster_4_2022-02-21,855.2218
cluster_1_2022-02-22,285.0823
cluster_2_2022-02-22,400.9808
cluster_3_2022-02-22,562.1005
cluster_4_2022-02-22,789.5238
cluster_1_2022-02-23,252.85194
cluster_2_2022-02-23,367.20724
cluster_3_2022-02-23,533.9321
cluster_4_2022-02-23,744.8227
cluster_1_2022-02-24,278.18036
cluster_2_2022-02-24,413.4828
cluster_3_2022-02-24,604.25244
cluster_4_2022-02-24,858.41406
cluster_1_2022-02-25,299.61005
cluster_2_2022-02-25,445.06958
cluster_3_2022-02-25,650.8665
cluster_4_2022-02-25,899.50653
cluster_1_2022-02-26,300.12308
cluster_2_2022-02-26,441.0397
cluster_3_2022-02-26,636.0152
cluster_4_2022-02-26,870.1952
cluster_1_2022-02-27,287.14526
cluster_2_2022-02-27,441.3073
cluster_3_2022-02-27,638.83746
cluster_4_2022-02-27,892.3505
cluster_1_2022-02-28,285.68353
cluster_2_2022-02-28,437.8217
cluster_3_2022-02-28,641.62836
cluster_4_2022-02-28,881.7343
cluster_1_2022-03-01,280.49136
cluster_2_2022-03-01,405.43896
cluster_3_2022-03-01,575.8266
cluster_4_2022-03-01,793.235
cluster_1_2022-03-02,250.19229
cluster_2_2022-03-02,366.36807
cluster_3_2022-03-02,536.7745
cluster_4_2022-03-02,744.5026
cluster_1_2022-03-03,274.07178
cluster_2_2022-03-03,413.39252
cluster_3_2022-03-03,610.91296
cluster_4_2022-03-03,854.502
cluster_1_2022-03-04,301.63028
cluster_2_2022-03-04,444.2704
cluster_3_2022-03-04,650.41455
cluster_4_2022-03-04,883.77673
cluster_1_2022-03-05,292.81595
cluster_2_2022-03-05,430.3551
cluster_3_2022-03-05,634.9683
cluster_4_2022-03-05,855.16266
cluster_1_2022-03-06,280.5088
cluster_2_2022-03-06,436.89172
cluster_3_2022-03-06,642.7457
cluster_4_2022-03-06,893.938
cluster_1_2022-03-07,287.33136
cluster_2_2022-03-07,437.20837
cluster_3_2022-03-07,643.61896
cluster_4_2022-03-07,892.23425
cluster_1_2022-03-08,282.35083
cluster_2_2022-03-08,411.2458
cluster_3_2022-03-08,588.3204
cluster_4_2022-03-08,808.9153
cluster_1_2022-03-09,254.40945
cluster_2_2022-03-09,371.70166
cluster_3_2022-03-09,537.9112
cluster_4_2022-03-09,735.4162
cluster_1_2022-03-10,271.99637
cluster_2_2022-03-10,398.31357
cluster_3_2022-03-10,587.6959
cluster_4_2022-03-10,794.53644
cluster_1_2022-03-11,283.45575
cluster_2_2022-03-11,415.55673
cluster_3_2022-03-11,610.44385
cluster_4_2022-03-11,801.4906
cluster_1_2022-03-12,267.99078
cluster_2_2022-03-12,399.41998
cluster_3_2022-03-12,592.42975
cluster_4_2022-03-12,774.8302
cluster_1_2022-03-13,261.2899
cluster_2_2022-03-13,406.31284
cluster_3_2022-03-13,598.2404
cluster_4_2022-03-13,809.0388
cluster_1_2022-03-14,267.35895
cluster_2_2022-03-14,412.30057
cluster_3_2022-03-14,599.85364
cluster_4_2022-03-14,822.2679
cluster_1_2022-03-15,270.79276
cluster_2_2022-03-15,396.49716
cluster_3_2022-03-15,570.26373
cluster_4_2022-03-15,782.435
cluster_1_2022-03-16,253.19724
cluster_2_2022-03-16,375.368
cluster_3_2022-03-16,543.9573
cluster_4_2022-03-16,742.6476
cluster_1_2022-03-17,264.74948
cluster_2_2022-03-17,403.7817
cluster_3_2022-03-17,590.8275
cluster_4_2022-03-17,817.8428
cluster_1_2022-03-18,286.62677
cluster_2_2022-03-18,429.27823
cluster_3_2022-03-18,623.0074
cluster_4_2022-03-18,845.4944
cluster_1_2022-03-19,278.6273
cluster_2_2022-03-19,419.01
cluster_3_2022-03-19,613.49585
cluster_4_2022-03-19,818.7449
cluster_1_2022-03-20,265.41693
cluster_2_2022-03-20,408.16437
cluster_3_2022-03-20,594.62036
cluster_4_2022-03-20,809.8601
cluster_1_2022-03-21,259.03055
cluster_2_2022-03-21,396.4844
cluster_3_2022-03-21,587.7359
cluster_4_2022-03-21,800.9991
cluster_1_2022-03-22,264.76028
cluster_2_2022-03-22,376.47794
cluster_3_2022-03-22,541.5046
cluster_4_2022-03-22,744.7302
cluster_1_2022-03-23,246.16176
cluster_2_2022-03-23,354.48395
cluster_3_2022-03-23,512.8832
cluster_4_2022-03-23,699.43744
cluster_1_2022-03-24,260.17087
cluster_2_2022-03-24,389.43698
cluster_3_2022-03-24,572.5951
cluster_4_2022-03-24,767.46216
cluster_1_2022-03-25,279.09393
cluster_2_2022-03-25,407.10156
cluster_3_2022-03-25,595.4192
cluster_4_2022-03-25,789.87164
cluster_1_2022-03-26,274.34827
cluster_2_2022-03-26,400.3945
cluster_3_2022-03-26,591.10645
cluster_4_2022-03-26,784.2442
cluster_1_2022-03-27,267.9808
cluster_2_2022-03-27,410.86533
cluster_3_2022-03-27,612.56885
cluster_4_2022-03-27,831.63837
cluster_1_2022-03-28,273.22665
cluster_2_2022-03-28,419.37537
cluster_3_2022-03-28,621.39355
cluster_4_2022-03-28,843.5782
cluster_1_2022-03-29,272.52084
cluster_2_2022-03-29,396.74054
cluster_3_2022-03-29,568.5311
cluster_4_2022-03-29,770.9065
cluster_1_2022-03-30,244.95612
cluster_2_2022-03-30,361.96658
cluster_3_2022-03-30,527.18713
cluster_4_2022-03-30,712.0435
cluster_1_2022-03-31,261.37308
cluster_2_2022-03-31,395.4079
cluster_3_2022-03-31,587.4749
cluster_4_2022-03-31,805.9463
cluster_1_2022-04-01,287.6705
cluster_2_2022-04-01,430.07883
cluster_3_2022-04-01,629.07916
cluster_4_2022-04-01,845.32587
cluster_1_2022-04-02,289.17697
cluster_2_2022-04-02,422.55185
cluster_3_2022-04-02,609.63916
cluster_4_2022-04-02,825.07025
cluster_1_2022-04-03,279.89072
cluster_2_2022-04-03,427.2924
cluster_3_2022-04-03,615.3217
cluster_4_2022-04-03,857.6351
cluster_1_2022-04-04,281.03442
cluster_2_2022-04-04,424.8593
cluster_3_2022-04-04,609.243
cluster_4_2022-04-04,847.1463
cluster_1_2022-04-05,272.70038
cluster_2_2022-04-05,386.5461
cluster_3_2022-04-05,540.9792
cluster_4_2022-04-05,752.15936
cluster_1_2022-04-06,241.62668
cluster_2_2022-04-06,352.11728
cluster_3_2022-04-06,512.5019
cluster_4_2022-04-06,712.1841
cluster_1_2022-04-07,272.01697
cluster_2_2022-04-07,400.6321
cluster_3_2022-04-07,595.81323
cluster_4_2022-04-07,819.5047
cluster_1_2022-04-08,292.76257
cluster_2_2022-04-08,424.12637
cluster_3_2022-04-08,620.39136
cluster_4_2022-04-08,848.00165
cluster_1_2022-04-09,287.78088
cluster_2_2022-04-09,413.8517
cluster_3_2022-04-09,599.21906
cluster_4_2022-04-09,828.1795
cluster_1_2022-04-10,274.93
cluster_2_2022-04-10,423.12704
cluster_3_2022-04-10,612.0905
cluster_4_2022-04-10,863.98114
cluster_1_2022-04-11,278.30505
cluster_2_2022-04-11,423.5227
cluster_3_2022-04-11,610.5237
cluster_4_2022-04-11,867.26276
cluster_1_2022-04-12,276.13318
cluster_2_2022-04-12,389.97925
cluster_3_2022-04-12,540.5807
cluster_4_2022-04-12,776.0569
cluster_1_2022-04-13,245.85785
cluster_2_2022-04-13,351.9333
cluster_3_2022-04-13,506.6049
cluster_4_2022-04-13,729.9715
cluster_1_2022-04-14,280.5441
cluster_2_2022-04-14,405.82156
cluster_3_2022-04-14,592.1354
cluster_4_2022-04-14,841.2161
cluster_1_2022-04-15,299.31323
cluster_2_2022-04-15,433.46915
cluster_3_2022-04-15,625.4822
cluster_4_2022-04-15,867.26575
cluster_1_2022-04-16,290.47858
cluster_2_2022-04-16,421.0001
cluster_3_2022-04-16,608.02094
cluster_4_2022-04-16,848.7835
cluster_1_2022-04-17,280.17557
cluster_2_2022-04-17,428.9029
cluster_3_2022-04-17,616.7207
cluster_4_2022-04-17,874.95526
cluster_1_2022-04-18,280.17664
cluster_2_2022-04-18,423.13162
cluster_3_2022-04-18,614.32764
cluster_4_2022-04-18,871.40857
cluster_1_2022-04-19,275.21606
cluster_2_2022-04-19,391.2592
cluster_3_2022-04-19,551.5164
cluster_4_2022-04-19,787.2003
cluster_1_2022-04-20,249.34607
cluster_2_2022-04-20,356.67792
cluster_3_2022-04-20,517.23065
cluster_4_2022-04-20,739.91797
cluster_1_2022-04-21,277.43878
cluster_2_2022-04-21,413.1608
cluster_3_2022-04-21,600.2482
cluster_4_2022-04-21,860.9598
cluster_1_2022-04-22,303.8087
cluster_2_2022-04-22,446.71466
cluster_3_2022-04-22,644.1772
cluster_4_2022-04-22,894.444
cluster_1_2022-04-23,299.46774
cluster_2_2022-04-23,432.00702
cluster_3_2022-04-23,619.6617
cluster_4_2022-04-23,871.5724
cluster_1_2022-04-24,287.57047
cluster_2_2022-04-24,435.658
cluster_3_2022-04-24,627.9793
cluster_4_2022-04-24,892.322
cluster_1_2022-04-25,285.6568
cluster_2_2022-04-25,431.49783
cluster_3_2022-04-25,621.7774
cluster_4_2022-04-25,879.39136
cluster_1_2022-04-26,278.5413
cluster_2_2022-04-26,395.32468
cluster_3_2022-04-26,554.8959
cluster_4_2022-04-26,794.0671
cluster_1_2022-04-27,248.09401
cluster_2_2022-04-27,359.0852
cluster_3_2022-04-27,514.08405
cluster_4_2022-04-27,733.31995
cluster_1_2022-04-28,274.67746
cluster_2_2022-04-28,405.85867
cluster_3_2022-04-28,590.06885
cluster_4_2022-04-28,843.74493
cluster_1_2022-04-29,298.10825
cluster_2_2022-04-29,434.39102
cluster_3_2022-04-29,623.44604
cluster_4_2022-04-29,863.23883
cluster_1_2022-04-30,288.50247
cluster_2_2022-04-30,418.85245
cluster_3_2022-04-30,595.4751
cluster_4_2022-04-30,839.57544
cluster_1_2022-05-01,278.45438
cluster_2_2022-05-01,427.5634
cluster_3_2022-05-01,608.28705
cluster_4_2022-05-01,869.61346
cluster_1_2022-05-02,282.38086
cluster_2_2022-05-02,430.78796
cluster_3_2022-05-02,612.2574
cluster_4_2022-05-02,873.8392
cluster_1_2022-05-03,283.58383
cluster_2_2022-05-03,412.81134
cluster_3_2022-05-03,574.34656
cluster_4_2022-05-03,824.85266
cluster_1_2022-05-04,263.4084
cluster_2_2022-05-04,395.70853
cluster_3_2022-05-04,568.06995
cluster_4_2022-05-04,809.7152
cluster_1_2022-05-05,273.57935
cluster_2_2022-05-05,432.39383
cluster_3_2022-05-05,628.4958
cluster_4_2022-05-05,927.3872
cluster_1_2022-05-06,312.76108
cluster_2_2022-05-06,458.6716
cluster_3_2022-05-06,664.96265
cluster_4_2022-05-06,949.229
cluster_1_2022-05-07,318.37857
cluster_2_2022-05-07,453.13623
cluster_3_2022-05-07,645.56537
cluster_4_2022-05-07,917.25635
cluster_1_2022-05-08,302.7553
cluster_2_2022-05-08,455.2623
cluster_3_2022-05-08,645.5681
cluster_4_2022-05-08,937.9966
cluster_1_2022-05-09,303.20462
cluster_2_2022-05-09,459.4198
cluster_3_2022-05-09,655.4736
cluster_4_2022-05-09,953.72095
cluster_1_2022-05-10,310.64108
cluster_2_2022-05-10,441.09717
cluster_3_2022-05-10,622.78094
cluster_4_2022-05-10,897.2609
cluster_1_2022-05-11,284.01608
cluster_2_2022-05-11,422.18698
cluster_3_2022-05-11,596.21735
cluster_4_2022-05-11,856.94696
cluster_1_2022-05-12,287.2388
cluster_2_2022-05-12,460.35944
cluster_3_2022-05-12,647.1787
cluster_4_2022-05-12,976.5171
cluster_1_2022-05-13,328.0965
cluster_2_2022-05-13,491.1314
cluster_3_2022-05-13,683.99036
cluster_4_2022-05-13,1001.43445
cluster_1_2022-05-14,342.82922
cluster_2_2022-05-14,486.03204
cluster_3_2022-05-14,671.66833
cluster_4_2022-05-14,961.1276
cluster_1_2022-05-15,325.8811
cluster_2_2022-05-15,479.65115
cluster_3_2022-05-15,660.7133
cluster_4_2022-05-15,965.41095
cluster_1_2022-05-16,317.88354
cluster_2_2022-05-16,467.95056
cluster_3_2022-05-16,652.33936
cluster_4_2022-05-16,947.5879
cluster_1_2022-05-17,309.44687
cluster_2_2022-05-17,440.0034
cluster_3_2022-05-17,603.4316
cluster_4_2022-05-17,873.37396
cluster_1_2022-05-18,277.5689
cluster_2_2022-05-18,411.72675
cluster_3_2022-05-18,594.9256
cluster_4_2022-05-18,862.2842
cluster_1_2022-05-19,288.14432
cluster_2_2022-05-19,466.87814
cluster_3_2022-05-19,671.82837
cluster_4_2022-05-19,1006.63934
cluster_1_2022-05-20,344.9725
cluster_2_2022-05-20,511.34268
cluster_3_2022-05-20,714.251
cluster_4_2022-05-20,1045.2728
cluster_1_2022-05-21,357.97324
cluster_2_2022-05-21,518.73883
cluster_3_2022-05-21,722.7342
cluster_4_2022-05-21,1052.8036
cluster_1_2022-05-22,362.6386
cluster_2_2022-05-22,544.2217
cluster_3_2022-05-22,737.11835
cluster_4_2022-05-22,1089.5865
cluster_1_2022-05-23,368.1196
cluster_2_2022-05-23,535.98236
cluster_3_2022-05-23,739.349
cluster_4_2022-05-23,1094.0996
cluster_1_2022-05-24,368.2685
cluster_2_2022-05-24,503.89856
cluster_3_2022-05-24,686.33484
cluster_4_2022-05-24,984.25244
cluster_1_2022-05-25,318.85403
cluster_2_2022-05-25,455.79306
cluster_3_2022-05-25,651.77795
cluster_4_2022-05-25,942.9608
cluster_1_2022-05-26,330.7442
cluster_2_2022-05-26,511.73035
cluster_3_2022-05-26,716.47296
cluster_4_2022-05-26,1060.2255
cluster_1_2022-05-27,365.99057
cluster_2_2022-05-27,526.67163
cluster_3_2022-05-27,722.2563
cluster_4_2022-05-27,1050.0669
cluster_1_2022-05-28,343.59113
cluster_2_2022-05-28,496.43787
cluster_3_2022-05-28,695.6012
cluster_4_2022-05-28,985.6108
cluster_1_2022-05-29,323.93588
cluster_2_2022-05-29,483.39816
cluster_3_2022-05-29,675.08435
cluster_4_2022-05-29,982.6306
cluster_1_2022-05-30,320.7402
cluster_2_2022-05-30,471.4482
cluster_3_2022-05-30,665.33374
cluster_4_2022-05-30,969.5392
cluster_1_2022-05-31,313.99146
cluster_2_2022-05-31,446.2312
cluster_3_2022-05-31,615.5798
cluster_4_2022-05-31,888.8427
cluster_1_2022-06-01,281.4179
cluster_2_2022-06-01,422.50778
cluster_3_2022-06-01,605.1753
cluster_4_2022-06-01,873.84314
cluster_1_2022-06-02,293.44397
cluster_2_2022-06-02,473.5384
cluster_3_2022-06-02,681.5892
cluster_4_2022-06-02,1020.45654
cluster_1_2022-06-03,349.42554
cluster_2_2022-06-03,520.94714
cluster_3_2022-06-03,737.16266
cluster_4_2022-06-03,1076.919
cluster_1_2022-06-04,371.02686
cluster_2_2022-06-04,523.27075
cluster_3_2022-06-04,722.8775
cluster_4_2022-06-04,1033.7439
cluster_1_2022-06-05,351.01117
cluster_2_2022-06-05,517.4113
cluster_3_2022-06-05,706.63666
cluster_4_2022-06-05,1021.1328
cluster_1_2022-06-06,336.62073
cluster_2_2022-06-06,492.12857
cluster_3_2022-06-06,687.7746
cluster_4_2022-06-06,995.0439
cluster_1_2022-06-07,325.03644
cluster_2_2022-06-07,461.55798
cluster_3_2022-06-07,634.6946
cluster_4_2022-06-07,914.7979
cluster_1_2022-06-08,294.14597
cluster_2_2022-06-08,423.62405
cluster_3_2022-06-08,597.69714
cluster_4_2022-06-08,867.2481
cluster_1_2022-06-09,290.5842
cluster_2_2022-06-09,450.60556
cluster_3_2022-06-09,644.62085
cluster_4_2022-06-09,952.58093
cluster_1_2022-06-10,318.655
cluster_2_2022-06-10,486.3299
cluster_3_2022-06-10,694.41284
cluster_4_2022-06-10,1016.8497
cluster_1_2022-06-11,346.85208
cluster_2_2022-06-11,522.493
cluster_3_2022-06-11,732.97107
cluster_4_2022-06-11,1073.4862
cluster_1_2022-06-12,376.4756
cluster_2_2022-06-12,559.8576
cluster_3_2022-06-12,755.86884
cluster_4_2022-06-12,1107.4607
cluster_1_2022-06-13,381.35443
cluster_2_2022-06-13,559.8928
cluster_3_2022-06-13,734.40857
cluster_4_2022-06-13,1073.812
cluster_1_2022-06-14,360.92435
cluster_2_2022-06-14,494.51892
cluster_3_2022-06-14,652.8439
cluster_4_2022-06-14,946.5052
cluster_1_2022-06-15,309.2398
cluster_2_2022-06-15,439.40067
cluster_3_2022-06-15,598.96936
cluster_4_2022-06-15,881.79895
cluster_1_2022-06-16,325.24597
cluster_2_2022-06-16,473.03946
cluster_3_2022-06-16,655.7401
cluster_4_2022-06-16,990.5624
cluster_1_2022-06-17,341.9208
cluster_2_2022-06-17,503.39862
cluster_3_2022-06-17,686.9934
cluster_4_2022-06-17,1016.64246
cluster_1_2022-06-18,338.3488
cluster_2_2022-06-18,463.26746
cluster_3_2022-06-18,645.77435
cluster_4_2022-06-18,924.40106
cluster_1_2022-06-19,299.6047
cluster_2_2022-06-19,481.44693
cluster_3_2022-06-19,684.5178
cluster_4_2022-06-19,1009.83014
cluster_1_2022-06-20,353.5812
cluster_2_2022-06-20,504.9745
cluster_3_2022-06-20,698.9619
cluster_4_2022-06-20,1021.78094
cluster_1_2022-06-21,338.60336
cluster_2_2022-06-21,459.51193
cluster_3_2022-06-21,633.2248
cluster_4_2022-06-21,908.51324
cluster_1_2022-06-22,294.98236
cluster_2_2022-06-22,434.83774
cluster_3_2022-06-22,618.81323
cluster_4_2022-06-22,896.6029
cluster_1_2022-06-23,311.82556
cluster_2_2022-06-23,486.93106
cluster_3_2022-06-23,685.6679
cluster_4_2022-06-23,1023.6085
cluster_1_2022-06-24,345.3734
cluster_2_2022-06-24,510.8112
cluster_3_2022-06-24,718.7408
cluster_4_2022-06-24,1062.395
cluster_1_2022-06-25,364.25168
cluster_2_2022-06-25,522.93024
cluster_3_2022-06-25,733.92706
cluster_4_2022-06-25,1052.6511
cluster_1_2022-06-26,361.27417
cluster_2_2022-06-26,539.39624
cluster_3_2022-06-26,738.84796
cluster_4_2022-06-26,1078.4645
cluster_1_2022-06-27,360.24158
cluster_2_2022-06-27,544.32306
cluster_3_2022-06-27,761.85126
cluster_4_2022-06-27,1127.1625
cluster_1_2022-06-28,384.31918
cluster_2_2022-06-28,538.0808
cluster_3_2022-06-28,740.69965
cluster_4_2022-06-28,1095.76
cluster_1_2022-06-29,370.87897
cluster_2_2022-06-29,529.6743
cluster_3_2022-06-29,733.47754
cluster_4_2022-06-29,1070.3458
cluster_1_2022-06-30,373.51318
cluster_2_2022-06-30,575.9846
cluster_3_2022-06-30,798.67267
cluster_4_2022-06-30,1193.4641
cluster_1_2022-07-01,415.18283
cluster_2_2022-07-01,610.514
cluster_3_2022-07-01,852.2659
cluster_4_2022-07-01,1237.7861
cluster_1_2022-07-02,420.9099
cluster_2_2022-07-02,600.51654
cluster_3_2022-07-02,827.6966
cluster_4_2022-07-02,1170.181
cluster_1_2022-07-03,388.4707
cluster_2_2022-07-03,585.45337
cluster_3_2022-07-03,817.3153
cluster_4_2022-07-03,1166.0975
cluster_1_2022-07-04,391.43292
cluster_2_2022-07-04,577.7745
cluster_3_2022-07-04,807.0132
cluster_4_2022-07-04,1148.9332
cluster_1_2022-07-05,381.7719
cluster_2_2022-07-05,525.1033
cluster_3_2022-07-05,735.35333
cluster_4_2022-07-05,1055.8301
cluster_1_2022-07-06,349.001
cluster_2_2022-07-06,510.73087
cluster_3_2022-07-06,745.26215
cluster_4_2022-07-06,1075.7268
cluster_1_2022-07-07,379.82172
cluster_2_2022-07-07,603.92737
cluster_3_2022-07-07,844.879
cluster_4_2022-07-07,1298.3047
cluster_1_2022-07-08,449.72455
cluster_2_2022-07-08,648.41455
cluster_3_2022-07-08,878.1011
cluster_4_2022-07-08,1320.5712
cluster_1_2022-07-09,450.0584
cluster_2_2022-07-09,638.1217
cluster_3_2022-07-09,873.60516
cluster_4_2022-07-09,1307.4309
cluster_1_2022-07-10,448.84628
cluster_2_2022-07-10,639.89655
cluster_3_2022-07-10,870.4648
cluster_4_2022-07-10,1289.1708
cluster_1_2022-07-11,435.60352
cluster_2_2022-07-11,632.3943
cluster_3_2022-07-11,882.00586
cluster_4_2022-07-11,1286.6488
cluster_1_2022-07-12,433.41473
cluster_2_2022-07-12,613.46533
cluster_3_2022-07-12,845.3353
cluster_4_2022-07-12,1232.0707
cluster_1_2022-07-13,406.6184
cluster_2_2022-07-13,579.4079
cluster_3_2022-07-13,817.8156
cluster_4_2022-07-13,1185.7698
cluster_1_2022-07-14,415.0621
cluster_2_2022-07-14,644.9797
cluster_3_2022-07-14,904.6686
cluster_4_2022-07-14,1353.0126
cluster_1_2022-07-15,484.3321
cluster_2_2022-07-15,716.786
cluster_3_2022-07-15,958.532
cluster_4_2022-07-15,1391.9575
cluster_1_2022-07-16,464.81595
cluster_2_2022-07-16,691.5675
cluster_3_2022-07-16,938.44855
cluster_4_2022-07-16,1374.4305
cluster_1_2022-07-17,463.21072
cluster_2_2022-07-17,682.51807
cluster_3_2022-07-17,914.2013
cluster_4_2022-07-17,1346.2292
cluster_1_2022-07-18,453.2616
cluster_2_2022-07-18,690.1689
cluster_3_2022-07-18,901.3573
cluster_4_2022-07-18,1308.0123
cluster_1_2022-07-19,447.18607
cluster_2_2022-07-19,641.28186
cluster_3_2022-07-19,818.02954
cluster_4_2022-07-19,1159.9661
cluster_1_2022-07-20,371.6237
cluster_2_2022-07-20,562.08704
cluster_3_2022-07-20,763.14056
cluster_4_2022-07-20,1126.316
cluster_1_2022-07-21,386.85095
cluster_2_2022-07-21,568.4038
cluster_3_2022-07-21,790.7525
cluster_4_2022-07-21,1214.7913
cluster_1_2022-07-22,420.3887
cluster_2_2022-07-22,627.1341
cluster_3_2022-07-22,832.2826
cluster_4_2022-07-22,1217.2739
cluster_1_2022-07-23,423.68713
cluster_2_2022-07-23,629.2808
cluster_3_2022-07-23,824.31213
cluster_4_2022-07-23,1219.5201
cluster_1_2022-07-24,411.93655
cluster_2_2022-07-24,596.7153
cluster_3_2022-07-24,830.09155
cluster_4_2022-07-24,1200.9436
cluster_1_2022-07-25,394.43823
cluster_2_2022-07-25,587.4638
cluster_3_2022-07-25,820.8383
cluster_4_2022-07-25,1184.0942
cluster_1_2022-07-26,398.2774
cluster_2_2022-07-26,553.8545
cluster_3_2022-07-26,755.9765
cluster_4_2022-07-26,1081.2295
cluster_1_2022-07-27,353.25272
cluster_2_2022-07-27,513.55493
cluster_3_2022-07-27,724.0907
cluster_4_2022-07-27,1048.6947
cluster_1_2022-07-28,365.326
cluster_2_2022-07-28,556.18353
cluster_3_2022-07-28,781.6889
cluster_4_2022-07-28,1159.945
cluster_1_2022-07-29,400.95312
cluster_2_2022-07-29,558.90466
cluster_3_2022-07-29,778.9514
cluster_4_2022-07-29,1123.2406
cluster_1_2022-07-30,371.01697
cluster_2_2022-07-30,535.5889
cluster_3_2022-07-30,754.3372
cluster_4_2022-07-30,1073.1069
cluster_1_2022-07-31,365.52148
cluster_2_2022-07-31,546.64215
cluster_3_2022-07-31,752.0203
cluster_4_2022-07-31,1093.0107
cluster_1_2022-08-01,362.99707
cluster_2_2022-08-01,543.69336
cluster_3_2022-08-01,759.1573
cluster_4_2022-08-01,1107.6796
cluster_1_2022-08-02,369.39462
cluster_2_2022-08-02,577.58527
cluster_3_2022-08-02,803.06134
cluster_4_2022-08-02,1188.0184
cluster_1_2022-08-03,418.58228
cluster_2_2022-08-03,618.5511
cluster_3_2022-08-03,813.0041
cluster_4_2022-08-03,1205.9916
cluster_1_2022-08-04,412.29773
cluster_2_2022-08-04,649.247
cluster_3_2022-08-04,852.5169
cluster_4_2022-08-04,1230.551
cluster_1_2022-08-05,420.8818
cluster_2_2022-08-05,644.6538
cluster_3_2022-08-05,857.24255
cluster_4_2022-08-05,1240.847
cluster_1_2022-08-06,418.17584
cluster_2_2022-08-06,636.6492
cluster_3_2022-08-06,875.75793
cluster_4_2022-08-06,1261.5472
cluster_1_2022-08-07,435.21707
cluster_2_2022-08-07,657.20905
cluster_3_2022-08-07,849.61053
cluster_4_2022-08-07,1236.9967
cluster_1_2022-08-08,417.33194
cluster_2_2022-08-08,637.824
cluster_3_2022-08-08,843.5685
cluster_4_2022-08-08,1228.2247
cluster_1_2022-08-09,417.17212
cluster_2_2022-08-09,651.91797
cluster_3_2022-08-09,874.8491
cluster_4_2022-08-09,1299.0967
cluster_1_2022-08-10,449.22787
cluster_2_2022-08-10,655.47736
cluster_3_2022-08-10,888.529
cluster_4_2022-08-10,1301.6812
cluster_1_2022-08-11,443.8637
cluster_2_2022-08-11,715.1627
cluster_3_2022-08-11,961.96533
cluster_4_2022-08-11,1411.9192
cluster_1_2022-08-12,517.4777
cluster_2_2022-08-12,776.17285
cluster_3_2022-08-12,1008.98083
cluster_4_2022-08-12,1494.2848
cluster_1_2022-08-13,522.7988
cluster_2_2022-08-13,786.3417
cluster_3_2022-08-13,1028.4651
cluster_4_2022-08-13,1478.6809
cluster_1_2022-08-14,511.0951
cluster_2_2022-08-14,771.2289
cluster_3_2022-08-14,1030.6754
cluster_4_2022-08-14,1510.0347
cluster_1_2022-08-15,524.5916
cluster_2_2022-08-15,782.4045
cluster_3_2022-08-15,1039.0436
cluster_4_2022-08-15,1514.1724
cluster_1_2022-08-16,522.9657
cluster_2_2022-08-16,745.83344
cluster_3_2022-08-16,992.2622
cluster_4_2022-08-16,1418.78
cluster_1_2022-08-17,472.7076
cluster_2_2022-08-17,712.9645
cluster_3_2022-08-17,957.34357
cluster_4_2022-08-17,1382.2765
cluster_1_2022-08-18,484.1495
cluster_2_2022-08-18,773.606
cluster_3_2022-08-18,1021.2277
cluster_4_2022-08-18,1522.3148
cluster_1_2022-08-19,555.5812
cluster_2_2022-08-19,792.8346
cluster_3_2022-08-19,1008.38605
cluster_4_2022-08-19,1481.5487
cluster_1_2022-08-20,487.2182
cluster_2_2022-08-20,718.9411
cluster_3_2022-08-20,946.16833
cluster_4_2022-08-20,1337.5524
cluster_1_2022-08-21,460.94662
cluster_2_2022-08-21,692.2352
cluster_3_2022-08-21,925.564
cluster_4_2022-08-21,1342.0787
cluster_1_2022-08-22,476.2262
cluster_2_2022-08-22,713.8009
cluster_3_2022-08-22,940.16876
cluster_4_2022-08-22,1355.6368
cluster_1_2022-08-23,471.14273
cluster_2_2022-08-23,686.8489
cluster_3_2022-08-23,926.7087
cluster_4_2022-08-23,1380.47
cluster_1_2022-08-24,455.6357
cluster_2_2022-08-24,652.66846
cluster_3_2022-08-24,891.79425
cluster_4_2022-08-24,1248.9277
cluster_1_2022-08-25,411.5753
cluster_2_2022-08-25,664.11993
cluster_3_2022-08-25,946.8061
cluster_4_2022-08-25,1428.8419
cluster_1_2022-08-26,526.8768
cluster_2_2022-08-26,728.9726
cluster_3_2022-08-26,952.53613
cluster_4_2022-08-26,1417.0024
cluster_1_2022-08-27,471.5445
cluster_2_2022-08-27,666.61975
cluster_3_2022-08-27,916.93475
cluster_4_2022-08-27,1311.3473
cluster_1_2022-08-28,446.38058
cluster_2_2022-08-28,662.3471
cluster_3_2022-08-28,904.5435
cluster_4_2022-08-28,1290.8163
cluster_1_2022-08-29,438.47244
cluster_2_2022-08-29,652.80884
cluster_3_2022-08-29,868.9825
cluster_4_2022-08-29,1275.7095
cluster_1_2022-08-30,421.46173
cluster_2_2022-08-30,604.6991
cluster_3_2022-08-30,837.784
cluster_4_2022-08-30,1232.4581
cluster_1_2022-08-31,411.9849
cluster_2_2022-08-31,627.4069
cluster_3_2022-08-31,848.6188
cluster_4_2022-08-31,1244.6433
cluster_1_2022-09-01,432.5683
cluster_2_2022-09-01,680.8429
cluster_3_2022-09-01,915.6542
cluster_4_2022-09-01,1378.5623
cluster_1_2022-09-02,473.65585
cluster_2_2022-09-02,740.90625
cluster_3_2022-09-02,962.2791
cluster_4_2022-09-02,1479.89
cluster_1_2022-09-03,514.82806
cluster_2_2022-09-03,733.50977
cluster_3_2022-09-03,925.93207
cluster_4_2022-09-03,1359.0638
cluster_1_2022-09-04,452.24002
cluster_2_2022-09-04,641.0764
cluster_3_2022-09-04,848.03326
cluster_4_2022-09-04,1239.4656
cluster_1_2022-09-05,407.02283
cluster_2_2022-09-05,619.26166
cluster_3_2022-09-05,839.5553
cluster_4_2022-09-05,1186.5199
cluster_1_2022-09-06,422.2848
cluster_2_2022-09-06,568.9685
cluster_3_2022-09-06,768.406
cluster_4_2022-09-06,1123.7493
cluster_1_2022-09-07,378.54724
cluster_2_2022-09-07,524.6154
cluster_3_2022-09-07,749.25336
cluster_4_2022-09-07,1106.2195
cluster_1_2022-09-08,385.73233
cluster_2_2022-09-08,587.25354
cluster_3_2022-09-08,814.503
cluster_4_2022-09-08,1222.2864
cluster_1_2022-09-09,425.797
cluster_2_2022-09-09,620.56903
cluster_3_2022-09-09,814.0969
cluster_4_2022-09-09,1189.5604
cluster_1_2022-09-10,389.661
cluster_2_2022-09-10,585.78864
cluster_3_2022-09-10,805.27747
cluster_4_2022-09-10,1176.0394
cluster_1_2022-09-11,390.87738
cluster_2_2022-09-11,585.2431
cluster_3_2022-09-11,808.53546
cluster_4_2022-09-11,1192.614
cluster_1_2022-09-12,397.68326
cluster_2_2022-09-12,572.89166
cluster_3_2022-09-12,800.98254
cluster_4_2022-09-12,1171.9292
cluster_1_2022-09-13,391.58368
cluster_2_2022-09-13,550.2796
cluster_3_2022-09-13,769.69073
cluster_4_2022-09-13,1099.7004
cluster_1_2022-09-14,365.60965
cluster_2_2022-09-14,543.8682
cluster_3_2022-09-14,768.6246
cluster_4_2022-09-14,1130.7394
cluster_1_2022-09-15,391.45142
cluster_2_2022-09-15,633.28986
cluster_3_2022-09-15,875.2146
cluster_4_2022-09-15,1319.672
cluster_1_2022-09-16,478.92404
cluster_2_2022-09-16,736.29425
cluster_3_2022-09-16,963.09485
cluster_4_2022-09-16,1425.3499
cluster_1_2022-09-17,508.08557
cluster_2_2022-09-17,760.34064
cluster_3_2022-09-17,957.3543
cluster_4_2022-09-17,1396.3394
cluster_1_2022-09-18,482.88968
cluster_2_2022-09-18,781.8698
cluster_3_2022-09-18,988.18225
cluster_4_2022-09-18,1468.9219
cluster_1_2022-09-19,506.93246
cluster_2_2022-09-19,777.0478
cluster_3_2022-09-19,955.02655
cluster_4_2022-09-19,1454.0233
cluster_1_2022-09-20,504.68024
cluster_2_2022-09-20,744.5438
cluster_3_2022-09-20,921.0313
cluster_4_2022-09-20,1401.0809
cluster_1_2022-09-21,499.53394
cluster_2_2022-09-21,695.1389
cluster_3_2022-09-21,894.01263
cluster_4_2022-09-21,1352.94
cluster_1_2022-09-22,486.0483
cluster_2_2022-09-22,671.0061
cluster_3_2022-09-22,888.8945
cluster_4_2022-09-22,1369.3079
cluster_1_2022-09-23,497.04105
cluster_2_2022-09-23,658.9275
cluster_3_2022-09-23,875.7981
cluster_4_2022-09-23,1308.5132
cluster_1_2022-09-24,444.387
cluster_2_2022-09-24,627.1438
cluster_3_2022-09-24,838.9031
cluster_4_2022-09-24,1215.6748
cluster_1_2022-09-25,414.05377
cluster_2_2022-09-25,613.77026
cluster_3_2022-09-25,826.7007
cluster_4_2022-09-25,1232.0494
cluster_1_2022-09-26,418.30377
cluster_2_2022-09-26,590.7328
cluster_3_2022-09-26,815.6663
cluster_4_2022-09-26,1197.4431
cluster_1_2022-09-27,400.07806
cluster_2_2022-09-27,541.609
cluster_3_2022-09-27,727.214
cluster_4_2022-09-27,1036.5345
cluster_1_2022-09-28,344.4326
cluster_2_2022-09-28,475.7789
cluster_3_2022-09-28,683.67804
cluster_4_2022-09-28,994.72125
cluster_1_2022-09-29,345.01273
cluster_2_2022-09-29,530.02423
cluster_3_2022-09-29,729.07196
cluster_4_2022-09-29,1111.8217
cluster_1_2022-09-30,385.86047
cluster_2_2022-09-30,557.4797
cluster_3_2022-09-30,762.7189
cluster_4_2022-09-30,1099.3112
cluster_1_2022-10-01,374.44156
cluster_2_2022-10-01,537.1226
cluster_3_2022-10-01,725.92236
cluster_4_2022-10-01,1028.6488
cluster_1_2022-10-02,343.07993
cluster_2_2022-10-02,529.6523
cluster_3_2022-10-02,738.5578
cluster_4_2022-10-02,1060.9412
cluster_1_2022-10-03,361.1926
cluster_2_2022-10-03,548.88983
cluster_3_2022-10-03,754.55164
cluster_4_2022-10-03,1083.3068
cluster_1_2022-10-04,370.91776
cluster_2_2022-10-04,532.4028
cluster_3_2022-10-04,727.82385
cluster_4_2022-10-04,1043.5745
cluster_1_2022-10-05,353.12183
cluster_2_2022-10-05,520.48914
cluster_3_2022-10-05,710.6429
cluster_4_2022-10-05,1012.35846
cluster_1_2022-10-06,341.34045
cluster_2_2022-10-06,540.2939
cluster_3_2022-10-06,756.5721
cluster_4_2022-10-06,1103.2828
cluster_1_2022-10-07,383.6515
cluster_2_2022-10-07,558.2655
cluster_3_2022-10-07,771.8419
cluster_4_2022-10-07,1135.4095
cluster_1_2022-10-08,389.08945
cluster_2_2022-10-08,559.6679
cluster_3_2022-10-08,760.76794
cluster_4_2022-10-08,1117.4175
cluster_1_2022-10-09,381.60388
cluster_2_2022-10-09,558.7044
cluster_3_2022-10-09,765.7131
cluster_4_2022-10-09,1120.751
cluster_1_2022-10-10,378.15536
cluster_2_2022-10-10,578.37427
cluster_3_2022-10-10,791.8928
cluster_4_2022-10-10,1148.723
cluster_1_2022-10-11,384.79575
cluster_2_2022-10-11,559.9107
cluster_3_2022-10-11,769.4171
cluster_4_2022-10-11,1109.4934
cluster_1_2022-10-12,366.174
cluster_2_2022-10-12,537.6263
cluster_3_2022-10-12,750.11945
cluster_4_2022-10-12,1074.4801
cluster_1_2022-10-13,367.87097
cluster_2_2022-10-13,574.18396
cluster_3_2022-10-13,798.2628
cluster_4_2022-10-13,1193.9474
cluster_1_2022-10-14,414.23602
cluster_2_2022-10-14,616.2549
cluster_3_2022-10-14,822.61145
cluster_4_2022-10-14,1228.5508
cluster_1_2022-10-15,423.1006
cluster_2_2022-10-15,620.7009
cluster_3_2022-10-15,821.2883
cluster_4_2022-10-15,1207.9884
cluster_1_2022-10-16,417.06717
cluster_2_2022-10-16,598.4678
cluster_3_2022-10-16,776.9362
cluster_4_2022-10-16,1138.2478
cluster_1_2022-10-17,379.12766
cluster_2_2022-10-17,563.1062
cluster_3_2022-10-17,773.62476
cluster_4_2022-10-17,1132.8613
cluster_1_2022-10-18,385.53915
cluster_2_2022-10-18,547.73773
cluster_3_2022-10-18,736.50696
cluster_4_2022-10-18,1069.1509
cluster_1_2022-10-19,357.32526
cluster_2_2022-10-19,512.9258
cluster_3_2022-10-19,721.65344
cluster_4_2022-10-19,1038.1427
cluster_1_2022-10-20,352.4864
cluster_2_2022-10-20,540.04095
cluster_3_2022-10-20,770.46094
cluster_4_2022-10-20,1178.1436
cluster_1_2022-10-21,407.46017
cluster_2_2022-10-21,579.99994
cluster_3_2022-10-21,792.75665
cluster_4_2022-10-21,1168.0251
cluster_1_2022-10-22,398.48306
cluster_2_2022-10-22,574.9437
cluster_3_2022-10-22,792.8226
cluster_4_2022-10-22,1160.1022
cluster_1_2022-10-23,387.89825
cluster_2_2022-10-23,605.21875
cluster_3_2022-10-23,838.31976
cluster_4_2022-10-23,1236.9473
cluster_1_2022-10-24,415.48163
cluster_2_2022-10-24,600.10254
cluster_3_2022-10-24,827.6926
cluster_4_2022-10-24,1232.7802
cluster_1_2022-10-25,407.87433
cluster_2_2022-10-25,562.8218
cluster_3_2022-10-25,777.87695
cluster_4_2022-10-25,1141.4663
cluster_1_2022-10-26,379.27103
cluster_2_2022-10-26,540.6027
cluster_3_2022-10-26,759.7967
cluster_4_2022-10-26,1109.3076
cluster_1_2022-10-27,389.39322
cluster_2_2022-10-27,584.21796
cluster_3_2022-10-27,805.4004
cluster_4_2022-10-27,1188.2421
cluster_1_2022-10-28,404.68427
cluster_2_2022-10-28,583.5015
cluster_3_2022-10-28,801.80334
cluster_4_2022-10-28,1166.1768
cluster_1_2022-10-29,383.2221
cluster_2_2022-10-29,558.65564
cluster_3_2022-10-29,781.42505
cluster_4_2022-10-29,1112.6587
cluster_1_2022-10-30,374.8583
cluster_2_2022-10-30,536.0562
cluster_3_2022-10-30,737.9655
cluster_4_2022-10-30,1075.3119
cluster_1_2022-10-31,357.50262
cluster_2_2022-10-31,524.40564
cluster_3_2022-10-31,734.36865
cluster_4_2022-10-31,1076.9562
cluster_1_2022-11-01,355.35767
cluster_2_2022-11-01,501.4427
cluster_3_2022-11-01,691.66736
cluster_4_2022-11-01,985.4621
cluster_1_2022-11-02,317.3073
cluster_2_2022-11-02,464.59915
cluster_3_2022-11-02,661.99915
cluster_4_2022-11-02,951.996
cluster_1_2022-11-03,322.61475
cluster_2_2022-11-03,476.33676
cluster_3_2022-11-03,657.6708
cluster_4_2022-11-03,975.6958
cluster_1_2022-11-04,318.12875
cluster_2_2022-11-04,465.6533
cluster_3_2022-11-04,648.89624
cluster_4_2022-11-04,953.33746
cluster_1_2022-11-05,314.80753
cluster_2_2022-11-05,456.81717
cluster_3_2022-11-05,640.61774
cluster_4_2022-11-05,911.2432
cluster_1_2022-11-06,301.27002
cluster_2_2022-11-06,443.615
cluster_3_2022-11-06,638.0877
cluster_4_2022-11-06,926.30597
cluster_1_2022-11-07,297.42752
cluster_2_2022-11-07,438.82385
cluster_3_2022-11-07,634.90027
cluster_4_2022-11-07,903.8756
cluster_1_2022-11-08,286.20932
cluster_2_2022-11-08,428.24277
cluster_3_2022-11-08,629.7237
cluster_4_2022-11-08,899.3731
cluster_1_2022-11-09,284.22748
cluster_2_2022-11-09,428.0903
cluster_3_2022-11-09,612.88544
cluster_4_2022-11-09,874.1333
cluster_1_2022-11-10,276.43533
cluster_2_2022-11-10,442.24963
cluster_3_2022-11-10,622.5824
cluster_4_2022-11-10,916.4969
cluster_1_2022-11-11,298.47375
cluster_2_2022-11-11,524.3012
cluster_3_2022-11-11,726.4114
cluster_4_2022-11-11,1090.6011
cluster_1_2022-11-12,388.4502
cluster_2_2022-11-12,579.29724
cluster_3_2022-11-12,777.92017
cluster_4_2022-11-12,1176.1361
cluster_1_2022-11-13,413.85114
cluster_2_2022-11-13,574.61633
cluster_3_2022-11-13,751.8641
cluster_4_2022-11-13,1127.3065
cluster_1_2022-11-14,394.3193
cluster_2_2022-11-14,552.8615
cluster_3_2022-11-14,733.36743
cluster_4_2022-11-14,1081.1703
cluster_1_2022-11-15,364.7613
cluster_2_2022-11-15,484.14526
cluster_3_2022-11-15,672.1689
cluster_4_2022-11-15,972.3754
cluster_1_2022-11-16,316.0326
cluster_2_2022-11-16,457.69385
cluster_3_2022-11-16,664.3894
cluster_4_2022-11-16,970.3899
cluster_1_2022-11-17,344.5814
cluster_2_2022-11-17,531.1024
cluster_3_2022-11-17,738.74475
cluster_4_2022-11-17,1114.537
cluster_1_2022-11-18,381.94043
cluster_2_2022-11-18,566.15564
cluster_3_2022-11-18,765.8994
cluster_4_2022-11-18,1137.3265
cluster_1_2022-11-19,385.27878
cluster_2_2022-11-19,563.23175
cluster_3_2022-11-19,751.54974
cluster_4_2022-11-19,1103.6661
cluster_1_2022-11-20,370.45544
cluster_2_2022-11-20,566.56714
cluster_3_2022-11-20,758.4119
cluster_4_2022-11-20,1119.5286
cluster_1_2022-11-21,372.05908
cluster_2_2022-11-21,562.27484
cluster_3_2022-11-21,761.4865
cluster_4_2022-11-21,1122.534
cluster_1_2022-11-22,373.56406
cluster_2_2022-11-22,516.20276
cluster_3_2022-11-22,705.1547
cluster_4_2022-11-22,1028.6556
cluster_1_2022-11-23,335.8752
cluster_2_2022-11-23,474.73044
cluster_3_2022-11-23,668.9207
cluster_4_2022-11-23,964.02374
cluster_1_2022-11-24,342.23807
cluster_2_2022-11-24,501.01483
cluster_3_2022-11-24,699.7216
cluster_4_2022-11-24,1039.271
cluster_1_2022-11-25,351.96774
cluster_2_2022-11-25,508.92532
cluster_3_2022-11-25,720.351
cluster_4_2022-11-25,1021.42474
cluster_1_2022-11-26,332.57318
cluster_2_2022-11-26,487.8707
cluster_3_2022-11-26,689.59827
cluster_4_2022-11-26,979.2253
cluster_1_2022-11-27,320.77255
cluster_2_2022-11-27,467.90915
cluster_3_2022-11-27,670.43463
cluster_4_2022-11-27,963.59296
cluster_1_2022-11-28,307.88565
cluster_2_2022-11-28,449.6702
cluster_3_2022-11-28,647.5544
cluster_4_2022-11-28,932.015
cluster_1_2022-11-29,300.52887
cluster_2_2022-11-29,411.92194
cluster_3_2022-11-29,575.3188
cluster_4_2022-11-29,838.39825
cluster_1_2022-11-30,270.53076
cluster_2_2022-11-30,380.00104
cluster_3_2022-11-30,546.76776
cluster_4_2022-11-30,800.92883
cluster_1_2022-12-01,293.54654
cluster_2_2022-12-01,434.22443
cluster_3_2022-12-01,638.2141
cluster_4_2022-12-01,927.40546
cluster_1_2022-12-02,317.1348
cluster_2_2022-12-02,464.0999
cluster_3_2022-12-02,672.57837
cluster_4_2022-12-02,951.8545
cluster_1_2022-12-03,311.4882
cluster_2_2022-12-03,452.4547
cluster_3_2022-12-03,652.0755
cluster_4_2022-12-03,933.4734
cluster_1_2022-12-04,307.7432
cluster_2_2022-12-04,469.28778
cluster_3_2022-12-04,660.366
cluster_4_2022-12-04,959.35895
cluster_1_2022-12-05,314.6918
cluster_2_2022-12-05,474.65985
cluster_3_2022-12-05,668.3908
cluster_4_2022-12-05,968.08905
cluster_1_2022-12-06,318.75018
cluster_2_2022-12-06,442.57242
cluster_3_2022-12-06,614.41724
cluster_4_2022-12-06,872.2315
cluster_1_2022-12-07,274.78598
cluster_2_2022-12-07,416.63394
cluster_3_2022-12-07,600.8418
cluster_4_2022-12-07,867.2009
cluster_1_2022-12-08,304.27005
cluster_2_2022-12-08,467.52713
cluster_3_2022-12-08,658.6532
cluster_4_2022-12-08,974.781
cluster_1_2022-12-09,322.82254
cluster_2_2022-12-09,491.58728
cluster_3_2022-12-09,680.2591
cluster_4_2022-12-09,987.61554
cluster_1_2022-12-10,334.3121
cluster_2_2022-12-10,485.9262
cluster_3_2022-12-10,668.0611
cluster_4_2022-12-10,966.16113
cluster_1_2022-12-11,324.3289
cluster_2_2022-12-11,487.61118
cluster_3_2022-12-11,676.18335
cluster_4_2022-12-11,997.5045
cluster_1_2022-12-12,338.88202
cluster_2_2022-12-12,482.58774
cluster_3_2022-12-12,675.5853
cluster_4_2022-12-12,976.2477
cluster_1_2022-12-13,326.34082
cluster_2_2022-12-13,422.6528
cluster_3_2022-12-13,559.3919
cluster_4_2022-12-13,829.79364
cluster_1_2022-12-14,254.54176
cluster_2_2022-12-14,363.1765
cluster_3_2022-12-14,524.67487
cluster_4_2022-12-14,767.921
cluster_1_2022-12-15,308.9595
cluster_2_2022-12-15,421.0726
cluster_3_2022-12-15,598.25653
cluster_4_2022-12-15,880.9146
cluster_1_2022-12-16,300.45923
cluster_2_2022-12-16,439.30502
cluster_3_2022-12-16,625.3391
cluster_4_2022-12-16,914.486
cluster_1_2022-12-17,306.38718
cluster_2_2022-12-17,447.82233
cluster_3_2022-12-17,632.6614
cluster_4_2022-12-17,905.46277
cluster_1_2022-12-18,310.29633
cluster_2_2022-12-18,426.57666
cluster_3_2022-12-18,585.043
cluster_4_2022-12-18,843.60345
cluster_1_2022-12-19,269.0571
cluster_2_2022-12-19,416.62912
cluster_3_2022-12-19,591.83765
cluster_4_2022-12-19,865.24146
cluster_1_2022-12-20,300.67645
cluster_2_2022-12-20,420.94882
cluster_3_2022-12-20,579.26685
cluster_4_2022-12-20,845.33466
cluster_1_2022-12-21,269.30646
cluster_2_2022-12-21,399.10498
cluster_3_2022-12-21,560.23663
cluster_4_2022-12-21,801.41595
cluster_1_2022-12-22,267.11676
cluster_2_2022-12-22,428.58313
cluster_3_2022-12-22,622.3961
cluster_4_2022-12-22,913.1425
cluster_1_2022-12-23,310.60516
cluster_2_2022-12-23,455.49118
cluster_3_2022-12-23,651.9717
cluster_4_2022-12-23,948.3333
cluster_1_2022-12-24,316.34076
cluster_2_2022-12-24,454.6036
cluster_3_2022-12-24,641.64404
cluster_4_2022-12-24,928.47
cluster_1_2022-12-25,310.76993
cluster_2_2022-12-25,463.0271
cluster_3_2022-12-25,650.3319
cluster_4_2022-12-25,943.23047
cluster_1_2022-12-26,308.29916
cluster_2_2022-12-26,459.23633
cluster_3_2022-12-26,641.26965
cluster_4_2022-12-26,929.4802
cluster_1_2022-12-27,298.99393
cluster_2_2022-12-27,420.17508
cluster_3_2022-12-27,580.2212
cluster_4_2022-12-27,850.4285
cluster_1_2022-12-28,267.3975
cluster_2_2022-12-28,392.46347
cluster_3_2022-12-28,551.8434
cluster_4_2022-12-28,810.0691
cluster_1_2022-12-29,282.0607
cluster_2_2022-12-29,399.5919
cluster_3_2022-12-29,571.16656
cluster_4_2022-12-29,830.5505
cluster_1_2022-12-30,272.8253
cluster_2_2022-12-30,428.04645
cluster_3_2022-12-30,626.42694
cluster_4_2022-12-30,920.84753
cluster_1_2022-12-31,314.78464
cluster_2_2022-12-31,465.46243
cluster_3_2022-12-31,653.5449
cluster_4_2022-12-31,935.18896
cluster_1_2023-01-01,322.21857
cluster_2_2023-01-01,451.75253
cluster_3_2023-01-01,630.4531
cluster_4_2023-01-01,906.5158
cluster_1_2023-01-02,302.18823
cluster_2_2023-01-02,435.76746
cluster_3_2023-01-02,600.139
cluster_4_2023-01-02,881.7468
cluster_1_2023-01-03,287.56042
cluster_2_2023-01-03,391.1963
cluster_3_2023-01-03,533.7722
cluster_4_2023-01-03,787.3898
cluster_1_2023-01-04,258.8952
cluster_2_2023-01-04,353.3822
cluster_3_2023-01-04,501.76056
cluster_4_2023-01-04,732.9112
cluster_1_2023-01-05,282.05505
cluster_2_2023-01-05,397.93643
cluster_3_2023-01-05,576.69604
cluster_4_2023-01-05,834.14166
cluster_1_2023-01-06,290.0257
cluster_2_2023-01-06,417.6423
cluster_3_2023-01-06,598.27356
cluster_4_2023-01-06,852.73267
cluster_1_2023-01-07,286.85394
cluster_2_2023-01-07,408.2193
cluster_3_2023-01-07,585.0945
cluster_4_2023-01-07,836.94257
cluster_1_2023-01-08,278.37216
cluster_2_2023-01-08,421.44214
cluster_3_2023-01-08,598.1669
cluster_4_2023-01-08,865.05725
cluster_1_2023-01-09,279.8522
cluster_2_2023-01-09,416.8511
cluster_3_2023-01-09,596.41925
cluster_4_2023-01-09,857.5994
cluster_1_2023-01-10,272.94763
cluster_2_2023-01-10,383.83365
cluster_3_2023-01-10,530.92523
cluster_4_2023-01-10,771.1559
cluster_1_2023-01-11,248.2373
cluster_2_2023-01-11,351.21945
cluster_3_2023-01-11,502.50085
cluster_4_2023-01-11,730.6379
cluster_1_2023-01-12,276.80444
cluster_2_2023-01-12,400.70215
cluster_3_2023-01-12,581.7978
cluster_4_2023-01-12,836.9252
cluster_1_2023-01-13,292.38324
cluster_2_2023-01-13,422.122
cluster_3_2023-01-13,625.4314
cluster_4_2023-01-13,883.6504
cluster_1_2023-01-14,297.1812
cluster_2_2023-01-14,419.5366
cluster_3_2023-01-14,600.5211
cluster_4_2023-01-14,835.65265
cluster_1_2023-01-15,274.05402
cluster_2_2023-01-15,417.80487
cluster_3_2023-01-15,604.2846
cluster_4_2023-01-15,874.363
cluster_1_2023-01-16,282.4153
cluster_2_2023-01-16,442.30524
cluster_3_2023-01-16,620.23145
cluster_4_2023-01-16,869.44794
cluster_1_2023-01-17,278.5163
cluster_2_2023-01-17,392.68314
cluster_3_2023-01-17,550.8161
cluster_4_2023-01-17,797.3721
cluster_1_2023-01-18,250.81221
cluster_2_2023-01-18,358.38086
cluster_3_2023-01-18,520.5596
cluster_4_2023-01-18,749.4461
cluster_1_2023-01-19,279.35074
cluster_2_2023-01-19,411.10498
cluster_3_2023-01-19,599.1369
cluster_4_2023-01-19,870.7268
cluster_1_2023-01-20,306.5552
cluster_2_2023-01-20,447.71634
cluster_3_2023-01-20,653.78613
cluster_4_2023-01-20,910.0015
cluster_1_2023-01-21,302.89746
cluster_2_2023-01-21,440.01437
cluster_3_2023-01-21,634.46136
cluster_4_2023-01-21,886.307
cluster_1_2023-01-22,292.64105
cluster_2_2023-01-22,441.5487
cluster_3_2023-01-22,631.478
cluster_4_2023-01-22,897.2356
cluster_1_2023-01-23,284.746
cluster_2_2023-01-23,431.65558
cluster_3_2023-01-23,619.52924
cluster_4_2023-01-23,881.44617
cluster_1_2023-01-24,281.94717
cluster_2_2023-01-24,397.80246
cluster_3_2023-01-24,557.28503
cluster_4_2023-01-24,804.98456
cluster_1_2023-01-25,258.26834
cluster_2_2023-01-25,362.1011
cluster_3_2023-01-25,515.4872
cluster_4_2023-01-25,748.9767
cluster_1_2023-01-26,277.58926
cluster_2_2023-01-26,406.26498
cluster_3_2023-01-26,595.8326
cluster_4_2023-01-26,852.8666
cluster_1_2023-01-27,301.83795
cluster_2_2023-01-27,434.54846
cluster_3_2023-01-27,632.7911
cluster_4_2023-01-27,874.9741
cluster_1_2023-01-28,289.3395
cluster_2_2023-01-28,417.73376
cluster_3_2023-01-28,606.9268
cluster_4_2023-01-28,848.65094
cluster_1_2023-01-29,276.8771
cluster_2_2023-01-29,422.57477
cluster_3_2023-01-29,610.892
cluster_4_2023-01-29,866.1817
cluster_1_2023-01-30,277.12125
cluster_2_2023-01-30,417.424
cluster_3_2023-01-30,606.10736
cluster_4_2023-01-30,854.9312
cluster_1_2023-01-31,271.95425
cluster_2_2023-01-31,386.28244
cluster_3_2023-01-31,546.78345
cluster_4_2023-01-31,777.78827
cluster_1_2023-02-01,247.3457
cluster_2_2023-02-01,359.11346
cluster_3_2023-02-01,523.2807
cluster_4_2023-02-01,742.9319
cluster_1_2023-02-02,276.10608
cluster_2_2023-02-02,402.005
cluster_3_2023-02-02,590.0795
cluster_4_2023-02-02,835.78125
cluster_1_2023-02-03,287.05798
cluster_2_2023-02-03,421.37793
cluster_3_2023-02-03,614.31335
cluster_4_2023-02-03,868.98987
cluster_1_2023-02-04,291.61752
cluster_2_2023-02-04,421.13293
cluster_3_2023-02-04,610.7735
cluster_4_2023-02-04,844.783
cluster_1_2023-02-05,278.3068
cluster_2_2023-02-05,420.69202
cluster_3_2023-02-05,610.1946
cluster_4_2023-02-05,874.47424
cluster_1_2023-02-06,279.49515
cluster_2_2023-02-06,421.71576
cluster_3_2023-02-06,620.66943
cluster_4_2023-02-06,879.59344
cluster_1_2023-02-07,280.503
cluster_2_2023-02-07,394.49707
cluster_3_2023-02-07,558.9436
cluster_4_2023-02-07,796.26294
cluster_1_2023-02-08,250.62831
cluster_2_2023-02-08,357.39252
cluster_3_2023-02-08,523.86237
cluster_4_2023-02-08,740.68726
cluster_1_2023-02-09,277.59653
cluster_2_2023-02-09,410.53497
cluster_3_2023-02-09,612.0153
cluster_4_2023-02-09,857.0949
cluster_1_2023-02-10,302.76428
cluster_2_2023-02-10,442.3435
cluster_3_2023-02-10,648.27246
cluster_4_2023-02-10,882.24915
cluster_1_2023-02-11,293.36826
cluster_2_2023-02-11,423.49393
cluster_3_2023-02-11,610.4005
cluster_4_2023-02-11,853.0564
cluster_1_2023-02-12,280.1654
cluster_2_2023-02-12,426.3659
cluster_3_2023-02-12,613.9553
cluster_4_2023-02-12,871.5207
cluster_1_2023-02-13,280.8705
cluster_2_2023-02-13,425.72748
cluster_3_2023-02-13,621.9857
cluster_4_2023-02-13,872.3016
cluster_1_2023-02-14,278.80267
cluster_2_2023-02-14,393.41595
cluster_3_2023-02-14,560.293
cluster_4_2023-02-14,792.52783
cluster_1_2023-02-15,249.35747
cluster_2_2023-02-15,358.3943
cluster_3_2023-02-15,525.89575
cluster_4_2023-02-15,746.28143
cluster_1_2023-02-16,277.13425
cluster_2_2023-02-16,410.61484
cluster_3_2023-02-16,597.728
cluster_4_2023-02-16,849.6907
cluster_1_2023-02-17,297.40903
cluster_2_2023-02-17,435.60135
cluster_3_2023-02-17,634.84064
cluster_4_2023-02-17,866.2034
cluster_1_2023-02-18,287.371
cluster_2_2023-02-18,389.9853
cluster_3_2023-02-18,545.5402
cluster_4_2023-02-18,749.6095
cluster_1_2023-02-19,243.85898
cluster_2_2023-02-19,394.336
cluster_3_2023-02-19,598.12573
cluster_4_2023-02-19,846.65
cluster_1_2023-02-20,311.0839
cluster_2_2023-02-20,436.48468
cluster_3_2023-02-20,625.6346
cluster_4_2023-02-20,869.43384
cluster_1_2023-02-21,280.20282
cluster_2_2023-02-21,384.70966
cluster_3_2023-02-21,548.65753
cluster_4_2023-02-21,771.9432
cluster_1_2023-02-22,249.3084
cluster_2_2023-02-22,356.91272
cluster_3_2023-02-22,530.27954
cluster_4_2023-02-22,743.5405
cluster_1_2023-02-23,275.8996
cluster_2_2023-02-23,408.26633
cluster_3_2023-02-23,609.01654
cluster_4_2023-02-23,863.7775
cluster_1_2023-02-24,303.89453
cluster_2_2023-02-24,446.9802
cluster_3_2023-02-24,662.0402
cluster_4_2023-02-24,908.8734
cluster_1_2023-02-25,303.18146
cluster_2_2023-02-25,438.31506
cluster_3_2023-02-25,643.99396
cluster_4_2023-02-25,884.2045
cluster_1_2023-02-26,291.2021
cluster_2_2023-02-26,446.67078
cluster_3_2023-02-26,650.35187
cluster_4_2023-02-26,915.2354
cluster_1_2023-02-27,293.89258
cluster_2_2023-02-27,444.54114
cluster_3_2023-02-27,646.71814
cluster_4_2023-02-27,902.66095
cluster_1_2023-02-28,285.31232
cluster_2_2023-02-28,414.68246
cluster_3_2023-02-28,584.30304
cluster_4_2023-02-28,806.10767
cluster_1_2023-03-01,255.71326
cluster_2_2023-03-01,379.349
cluster_3_2023-03-01,543.07965
cluster_4_2023-03-01,751.6475
cluster_1_2023-03-02,271.8876
cluster_2_2023-03-02,414.3596
cluster_3_2023-03-02,607.1781
cluster_4_2023-03-02,847.5303
cluster_1_2023-03-03,289.7013
cluster_2_2023-03-03,433.10455
cluster_3_2023-03-03,633.94135
cluster_4_2023-03-03,878.62134
cluster_1_2023-03-04,293.81006
cluster_2_2023-03-04,426.73975
cluster_3_2023-03-04,623.20166
cluster_4_2023-03-04,837.2546
cluster_1_2023-03-05,277.22763
cluster_2_2023-03-05,423.29828
cluster_3_2023-03-05,621.83496
cluster_4_2023-03-05,859.31586
cluster_1_2023-03-06,277.08084
cluster_2_2023-03-06,421.371
cluster_3_2023-03-06,617.88367
cluster_4_2023-03-06,845.7209
cluster_1_2023-03-07,270.51068
cluster_2_2023-03-07,389.13547
cluster_3_2023-03-07,556.99286
cluster_4_2023-03-07,765.8104
cluster_1_2023-03-08,247.1372
cluster_2_2023-03-08,357.20413
cluster_3_2023-03-08,520.2229
cluster_4_2023-03-08,706.04724
cluster_1_2023-03-09,261.2003
cluster_2_2023-03-09,379.32278
cluster_3_2023-03-09,566.29913
cluster_4_2023-03-09,766.29517
cluster_1_2023-03-10,273.6071
cluster_2_2023-03-10,395.42175
cluster_3_2023-03-10,593.95306
cluster_4_2023-03-10,785.6426
cluster_1_2023-03-11,272.38327
cluster_2_2023-03-11,391.275
cluster_3_2023-03-11,578.92206
cluster_4_2023-03-11,760.13354
cluster_1_2023-03-12,259.78787
cluster_2_2023-03-12,390.22104
cluster_3_2023-03-12,566.0934
cluster_4_2023-03-12,769.3266
cluster_1_2023-03-13,254.72418
cluster_2_2023-03-13,380.64536
cluster_3_2023-03-13,557.13184
cluster_4_2023-03-13,760.38354
cluster_1_2023-03-14,255.44722
cluster_2_2023-03-14,363.49142
cluster_3_2023-03-14,512.6989
cluster_4_2023-03-14,710.30896
cluster_1_2023-03-15,243.56007
cluster_2_2023-03-15,342.84845
cluster_3_2023-03-15,490.9753
cluster_4_2023-03-15,670.97943
cluster_1_2023-03-16,254.61584
cluster_2_2023-03-16,369.8399
cluster_3_2023-03-16,538.12915
cluster_4_2023-03-16,734.80774
cluster_1_2023-03-17,273.8503
cluster_2_2023-03-17,385.71674
cluster_3_2023-03-17,570.53864
cluster_4_2023-03-17,761.3253
cluster_1_2023-03-18,269.46887
cluster_2_2023-03-18,382.12698
cluster_3_2023-03-18,565.2831
cluster_4_2023-03-18,759.0425
cluster_1_2023-03-19,266.17117
cluster_2_2023-03-19,397.25552
cluster_3_2023-03-19,584.35565
cluster_4_2023-03-19,796.46625
cluster_1_2023-03-20,266.13208
cluster_2_2023-03-20,401.6222
cluster_3_2023-03-20,591.8751
cluster_4_2023-03-20,805.46985
cluster_1_2023-03-21,265.53156
cluster_2_2023-03-21,390.8356
cluster_3_2023-03-21,566.3672
cluster_4_2023-03-21,769.1205
cluster_1_2023-03-22,250.91493
cluster_2_2023-03-22,371.31772
cluster_3_2023-03-22,534.2729
cluster_4_2023-03-22,719.7186
cluster_1_2023-03-23,254.31049
cluster_2_2023-03-23,390.17694
cluster_3_2023-03-23,569.3926
cluster_4_2023-03-23,763.85583
cluster_1_2023-03-24,275.4745
cluster_2_2023-03-24,409.8626
cluster_3_2023-03-24,596.6382
cluster_4_2023-03-24,782.9753
cluster_1_2023-03-25,268.91437
cluster_2_2023-03-25,397.98468
cluster_3_2023-03-25,587.5083
cluster_4_2023-03-25,770.6188
cluster_1_2023-03-26,262.7137
cluster_2_2023-03-26,399.59592
cluster_3_2023-03-26,600.32526
cluster_4_2023-03-26,796.5359
cluster_1_2023-03-27,265.4413
cluster_2_2023-03-27,402.37274
cluster_3_2023-03-27,601.14056
cluster_4_2023-03-27,799.9001
cluster_1_2023-03-28,264.94336
cluster_2_2023-03-28,384.07278
cluster_3_2023-03-28,558.3892
cluster_4_2023-03-28,751.3412
cluster_1_2023-03-29,248.94211
cluster_2_2023-03-29,362.31577
cluster_3_2023-03-29,527.8868
cluster_4_2023-03-29,705.8903
cluster_1_2023-03-30,256.80963
cluster_2_2023-03-30,393.10968
cluster_3_2023-03-30,585.9294
cluster_4_2023-03-30,792.73755
cluster_1_2023-03-31,285.483
cluster_2_2023-03-31,417.1244
cluster_3_2023-03-31,616.37854
cluster_4_2023-03-31,815.57715
cluster_1_2023-04-01,277.4416
cluster_2_2023-04-01,410.33405
cluster_3_2023-04-01,605.7738
cluster_4_2023-04-01,800.4334
cluster_1_2023-04-02,269.9601
cluster_2_2023-04-02,419.3937
cluster_3_2023-04-02,620.39
cluster_4_2023-04-02,842.60315
cluster_1_2023-04-03,274.58395
cluster_2_2023-04-03,425.55127
cluster_3_2023-04-03,609.67596
cluster_4_2023-04-03,836.83545
cluster_1_2023-04-04,270.90552
cluster_2_2023-04-04,393.89203
cluster_3_2023-04-04,547.96857
cluster_4_2023-04-04,758.5279
cluster_1_2023-04-05,246.56563
cluster_2_2023-04-05,362.90973
cluster_3_2023-04-05,524.2436
cluster_4_2023-04-05,718.6808
cluster_1_2023-04-06,264.5149
cluster_2_2023-04-06,402.05978
cluster_3_2023-04-06,591.69617
cluster_4_2023-04-06,823.7078
cluster_1_2023-04-07,287.778
cluster_2_2023-04-07,423.10098
cluster_3_2023-04-07,625.4331
cluster_4_2023-04-07,853.0052
cluster_1_2023-04-08,291.43686
cluster_2_2023-04-08,424.0706
cluster_3_2023-04-08,623.9807
cluster_4_2023-04-08,849.92114
cluster_1_2023-04-09,288.01077
cluster_2_2023-04-09,434.3576
cluster_3_2023-04-09,633.9491
cluster_4_2023-04-09,880.4802
cluster_1_2023-04-10,284.55203
cluster_2_2023-04-10,430.7778
cluster_3_2023-04-10,630.30176
cluster_4_2023-04-10,876.79395
cluster_1_2023-04-11,279.48944
cluster_2_2023-04-11,396.39053
cluster_3_2023-04-11,562.62616
cluster_4_2023-04-11,792.429
cluster_1_2023-04-12,248.3388
cluster_2_2023-04-12,366.098
cluster_3_2023-04-12,535.2892
cluster_4_2023-04-12,756.6721
cluster_1_2023-04-13,280.4184
cluster_2_2023-04-13,416.04996
cluster_3_2023-04-13,611.0087
cluster_4_2023-04-13,871.20703
cluster_1_2023-04-14,298.1745
cluster_2_2023-04-14,439.83344
cluster_3_2023-04-14,643.5845
cluster_4_2023-04-14,904.3524
cluster_1_2023-04-15,300.81818
cluster_2_2023-04-15,435.29312
cluster_3_2023-04-15,633.00525
cluster_4_2023-04-15,879.2654
cluster_1_2023-04-16,289.96667
cluster_2_2023-04-16,436.9873
cluster_3_2023-04-16,631.7456
cluster_4_2023-04-16,889.90173
cluster_1_2023-04-17,284.06064
cluster_2_2023-04-17,429.54382
cluster_3_2023-04-17,622.3534
cluster_4_2023-04-17,878.3541
cluster_1_2023-04-18,279.20062
cluster_2_2023-04-18,394.45197
cluster_3_2023-04-18,554.57495
cluster_4_2023-04-18,792.0586
cluster_1_2023-04-19,252.35562
cluster_2_2023-04-19,357.74387
cluster_3_2023-04-19,522.8483
cluster_4_2023-04-19,747.1277
cluster_1_2023-04-20,279.68857
cluster_2_2023-04-20,408.88208
cluster_3_2023-04-20,604.2803
cluster_4_2023-04-20,860.2453
cluster_1_2023-04-21,299.53464
cluster_2_2023-04-21,436.73837
cluster_3_2023-04-21,643.4109
cluster_4_2023-04-21,890.5649
cluster_1_2023-04-22,297.47095
cluster_2_2023-04-22,426.6778
cluster_3_2023-04-22,620.7433
cluster_4_2023-04-22,871.03723
cluster_1_2023-04-23,286.3868
cluster_2_2023-04-23,433.02744
cluster_3_2023-04-23,623.6756
cluster_4_2023-04-23,884.02844
cluster_1_2023-04-24,282.8067
cluster_2_2023-04-24,426.04437
cluster_3_2023-04-24,612.81445
cluster_4_2023-04-24,867.1137
cluster_1_2023-04-25,274.01556
cluster_2_2023-04-25,389.467
cluster_3_2023-04-25,549.8038
cluster_4_2023-04-25,785.44714
cluster_1_2023-04-26,249.36093
cluster_2_2023-04-26,358.0796
cluster_3_2023-04-26,519.8286
cluster_4_2023-04-26,742.625
cluster_1_2023-04-27,277.72302
cluster_2_2023-04-27,406.53857
cluster_3_2023-04-27,600.0939
cluster_4_2023-04-27,845.75226
cluster_1_2023-04-28,293.58368
cluster_2_2023-04-28,429.0931
cluster_3_2023-04-28,625.4054
cluster_4_2023-04-28,870.3814
cluster_1_2023-04-29,291.69336
cluster_2_2023-04-29,417.807
cluster_3_2023-04-29,609.94055
cluster_4_2023-04-29,852.4877
cluster_1_2023-04-30,282.83386
cluster_2_2023-04-30,426.61194
cluster_3_2023-04-30,612.7336
cluster_4_2023-04-30,878.6878
cluster_1_2023-05-01,285.116
cluster_2_2023-05-01,422.7525
cluster_3_2023-05-01,604.8965
cluster_4_2023-05-01,869.9728
cluster_1_2023-05-02,279.08856
cluster_2_2023-05-02,391.48004
cluster_3_2023-05-02,545.8754
cluster_4_2023-05-02,791.8132
cluster_1_2023-05-03,252.59372
cluster_2_2023-05-03,359.9528
cluster_3_2023-05-03,512.2907
cluster_4_2023-05-03,743.81696
cluster_1_2023-05-04,278.05432
cluster_2_2023-05-04,403.90878
cluster_3_2023-05-04,593.058
cluster_4_2023-05-04,853.77985
cluster_1_2023-05-05,296.74356
cluster_2_2023-05-05,432.88922
cluster_3_2023-05-05,628.9785
cluster_4_2023-05-05,885.71045
cluster_1_2023-05-06,296.99326
cluster_2_2023-05-06,424.46497
cluster_3_2023-05-06,611.70917
cluster_4_2023-05-06,869.83167
cluster_1_2023-05-07,289.74176
cluster_2_2023-05-07,437.23462
cluster_3_2023-05-07,627.8006
cluster_4_2023-05-07,896.5551
cluster_1_2023-05-08,292.168
cluster_2_2023-05-08,436.2175
cluster_3_2023-05-08,628.0705
cluster_4_2023-05-08,904.25525
cluster_1_2023-05-09,293.00864
cluster_2_2023-05-09,405.8438
cluster_3_2023-05-09,574.4007
cluster_4_2023-05-09,826.1814
cluster_1_2023-05-10,262.12518
cluster_2_2023-05-10,374.79297
cluster_3_2023-05-10,539.2205
cluster_4_2023-05-10,787.9216
cluster_1_2023-05-11,284.3657
cluster_2_2023-05-11,418.61255
cluster_3_2023-05-11,612.3814
cluster_4_2023-05-11,895.5378
cluster_1_2023-05-12,304.41205
cluster_2_2023-05-12,447.9789
cluster_3_2023-05-12,645.63745
cluster_4_2023-05-12,931.2927
cluster_1_2023-05-13,307.34583
cluster_2_2023-05-13,447.5037
cluster_3_2023-05-13,645.6806
cluster_4_2023-05-13,926.9004
cluster_1_2023-05-14,308.20316
cluster_2_2023-05-14,458.29016
cluster_3_2023-05-14,656.9705
cluster_4_2023-05-14,954.06445
cluster_1_2023-05-15,309.83273
cluster_2_2023-05-15,449.4485
cluster_3_2023-05-15,636.8901
cluster_4_2023-05-15,925.38824
cluster_1_2023-05-16,293.84296
cluster_2_2023-05-16,409.15747
cluster_3_2023-05-16,580.57916
cluster_4_2023-05-16,858.70026
cluster_1_2023-05-17,271.6688
cluster_2_2023-05-17,392.8806
cluster_3_2023-05-17,564.49884
cluster_4_2023-05-17,819.6236
cluster_1_2023-05-18,293.8059
cluster_2_2023-05-18,441.13953
cluster_3_2023-05-18,639.49274
cluster_4_2023-05-18,950.1954
cluster_1_2023-05-19,319.6382
cluster_2_2023-05-19,474.02338
cluster_3_2023-05-19,674.7506
cluster_4_2023-05-19,985.3313
cluster_1_2023-05-20,327.7176
cluster_2_2023-05-20,466.0602
cluster_3_2023-05-20,667.8859
cluster_4_2023-05-20,972.7461
cluster_1_2023-05-21,322.95502
cluster_2_2023-05-21,480.2189
cluster_3_2023-05-21,692.1391
cluster_4_2023-05-21,1011.79456
cluster_1_2023-05-22,331.98285
cluster_2_2023-05-22,485.77875
cluster_3_2023-05-22,693.1846
cluster_4_2023-05-22,1011.0791
cluster_1_2023-05-23,326.66403
cluster_2_2023-05-23,445.7668
cluster_3_2023-05-23,619.40753
cluster_4_2023-05-23,912.28937
cluster_1_2023-05-24,282.65695
cluster_2_2023-05-24,412.66614
cluster_3_2023-05-24,596.9706
cluster_4_2023-05-24,881.9612
cluster_1_2023-05-25,310.61853
cluster_2_2023-05-25,466.42218
cluster_3_2023-05-25,677.6331
cluster_4_2023-05-25,999.34424
cluster_1_2023-05-26,336.30594
cluster_2_2023-05-26,476.53214
cluster_3_2023-05-26,676.73834
cluster_4_2023-05-26,991.65906
cluster_1_2023-05-27,316.95258
cluster_2_2023-05-27,455.23898
cluster_3_2023-05-27,656.5455
cluster_4_2023-05-27,951.44336
cluster_1_2023-05-28,313.92966
cluster_2_2023-05-28,464.17105
cluster_3_2023-05-28,655.8339
cluster_4_2023-05-28,975.3569
cluster_1_2023-05-29,309.75247
cluster_2_2023-05-29,472.71255
cluster_3_2023-05-29,681.2485
cluster_4_2023-05-29,996.73413
cluster_1_2023-05-30,326.2803
cluster_2_2023-05-30,453.70285
cluster_3_2023-05-30,637.1183
cluster_4_2023-05-30,935.6269
cluster_1_2023-05-31,298.3919
cluster_2_2023-05-31,437.03543
cluster_3_2023-05-31,624.7816
cluster_4_2023-05-31,916.5934
cluster_1_2023-06-01,313.52167
cluster_2_2023-06-01,477.76297
cluster_3_2023-06-01,666.9505
cluster_4_2023-06-01,1010.88184
cluster_1_2023-06-02,334.95206
cluster_2_2023-06-02,488.89096
cluster_3_2023-06-02,698.5222
cluster_4_2023-06-02,1027.3713
cluster_1_2023-06-03,340.98737
cluster_2_2023-06-03,492.20868
cluster_3_2023-06-03,700.27563
cluster_4_2023-06-03,1017.3692
cluster_1_2023-06-04,335.897
cluster_2_2023-06-04,492.07037
cluster_3_2023-06-04,705.2575
cluster_4_2023-06-04,1031.8677
cluster_1_2023-06-05,334.42535
cluster_2_2023-06-05,489.53125
cluster_3_2023-06-05,691.21515
cluster_4_2023-06-05,1008.8481
cluster_1_2023-06-06,324.49478
cluster_2_2023-06-06,450.08307
cluster_3_2023-06-06,628.7704
cluster_4_2023-06-06,923.1628
cluster_1_2023-06-07,290.78873
cluster_2_2023-06-07,417.5003
cluster_3_2023-06-07,602.53046
cluster_4_2023-06-07,872.91724
cluster_1_2023-06-08,300.1719
cluster_2_2023-06-08,435.5843
cluster_3_2023-06-08,617.48315
cluster_4_2023-06-08,898.5288
cluster_1_2023-06-09,291.71466
cluster_2_2023-06-09,475.6737
cluster_3_2023-06-09,697.53546
cluster_4_2023-06-09,1038.806
cluster_1_2023-06-10,359.6748
cluster_2_2023-06-10,531.3945
cluster_3_2023-06-10,739.2965
cluster_4_2023-06-10,1092.223
cluster_1_2023-06-11,381.56516
cluster_2_2023-06-11,554.1047
cluster_3_2023-06-11,757.8759
cluster_4_2023-06-11,1134.963
cluster_1_2023-06-12,396.8136
cluster_2_2023-06-12,571.82715
cluster_3_2023-06-12,780.5805
cluster_4_2023-06-12,1156.7878
cluster_1_2023-06-13,393.73196
cluster_2_2023-06-13,546.21265
cluster_3_2023-06-13,754.13776
cluster_4_2023-06-13,1092.0688
cluster_1_2023-06-14,363.03256
cluster_2_2023-06-14,503.44476
cluster_3_2023-06-14,710.36774
cluster_4_2023-06-14,1029.5669
cluster_1_2023-06-15,352.57263
cluster_2_2023-06-15,541.3511
cluster_3_2023-06-15,773.762
cluster_4_2023-06-15,1142.0616
cluster_1_2023-06-16,400.93845
cluster_2_2023-06-16,590.8161
cluster_3_2023-06-16,813.1514
cluster_4_2023-06-16,1199.3662
cluster_1_2023-06-17,403.80942
cluster_2_2023-06-17,591.5499
cluster_3_2023-06-17,841.26697
cluster_4_2023-06-17,1211.0265
cluster_1_2023-06-18,407.93918
cluster_2_2023-06-18,565.83325
cluster_3_2023-06-18,761.61774
cluster_4_2023-06-18,1090.3452
cluster_1_2023-06-19,342.81982
cluster_2_2023-06-19,539.00397
cluster_3_2023-06-19,774.4535
cluster_4_2023-06-19,1134.1729
cluster_1_2023-06-20,401.70267
cluster_2_2023-06-20,543.90216
cluster_3_2023-06-20,716.2984
cluster_4_2023-06-20,1046.2291
cluster_1_2023-06-21,334.7595
cluster_2_2023-06-21,475.89404
cluster_3_2023-06-21,677.35
cluster_4_2023-06-21,991.7325
cluster_1_2023-06-22,346.74155
cluster_2_2023-06-22,531.0726
cluster_3_2023-06-22,757.25256
cluster_4_2023-06-22,1162.5459
cluster_1_2023-06-23,410.99216
cluster_2_2023-06-23,593.10406
cluster_3_2023-06-23,814.4389
cluster_4_2023-06-23,1219.1731
cluster_1_2023-06-24,410.09082
cluster_2_2023-06-24,584.8608
cluster_3_2023-06-24,808.88116
cluster_4_2023-06-24,1192.7528
cluster_1_2023-06-25,394.39975
cluster_2_2023-06-25,595.9111
cluster_3_2023-06-25,820.83716
cluster_4_2023-06-25,1205.7019
cluster_1_2023-06-26,407.1713
cluster_2_2023-06-26,596.65656
cluster_3_2023-06-26,815.52295
cluster_4_2023-06-26,1204.8856
cluster_1_2023-06-27,397.0056
cluster_2_2023-06-27,569.00006
cluster_3_2023-06-27,780.9651
cluster_4_2023-06-27,1124.338
cluster_1_2023-06-28,365.78476
cluster_2_2023-06-28,536.531
cluster_3_2023-06-28,736.74
cluster_4_2023-06-28,1084.2759
cluster_1_2023-06-29,367.63382
cluster_2_2023-06-29,584.63477
cluster_3_2023-06-29,821.0481
cluster_4_2023-06-29,1237.8011
cluster_1_2023-06-30,433.68115
cluster_2_2023-06-30,653.92786
cluster_3_2023-06-30,886.6058
cluster_4_2023-06-30,1312.629
cluster_1_2023-07-01,455.1003
cluster_2_2023-07-01,661.5986
cluster_3_2023-07-01,887.4606
cluster_4_2023-07-01,1294.4282
cluster_1_2023-07-02,441.66245
cluster_2_2023-07-02,658.52844
cluster_3_2023-07-02,876.41614
cluster_4_2023-07-02,1312.985
cluster_1_2023-07-03,443.22467
cluster_2_2023-07-03,665.2042
cluster_3_2023-07-03,878.8855
cluster_4_2023-07-03,1311.5419
cluster_1_2023-07-04,441.396
cluster_2_2023-07-04,638.13934
cluster_3_2023-07-04,851.05994
cluster_4_2023-07-04,1245.9478
cluster_1_2023-07-05,412.0177
cluster_2_2023-07-05,607.7544
cluster_3_2023-07-05,838.21564
cluster_4_2023-07-05,1241.9427
cluster_1_2023-07-06,427.78662
cluster_2_2023-07-06,662.0067
cluster_3_2023-07-06,901.50635
cluster_4_2023-07-06,1397.6012
cluster_1_2023-07-07,489.76968
cluster_2_2023-07-07,725.61475
cluster_3_2023-07-07,941.2672
cluster_4_2023-07-07,1439.1602
cluster_1_2023-07-08,496.38077
cluster_2_2023-07-08,696.31177
cluster_3_2023-07-08,907.7731
cluster_4_2023-07-08,1315.5441
cluster_1_2023-07-09,439.2856
cluster_2_2023-07-09,671.44
cluster_3_2023-07-09,919.8281
cluster_4_2023-07-09,1361.1796
cluster_1_2023-07-10,481.85007
cluster_2_2023-07-10,706.292
cluster_3_2023-07-10,939.23193
cluster_4_2023-07-10,1399.9534
cluster_1_2023-07-11,469.72437
cluster_2_2023-07-11,625.5312
cluster_3_2023-07-11,837.0711
cluster_4_2023-07-11,1199.0148
cluster_1_2023-07-12,360.10672
cluster_2_2023-07-12,573.9951
cluster_3_2023-07-12,851.1127
cluster_4_2023-07-12,1223.7843
cluster_1_2023-07-13,464.30457
cluster_2_2023-07-13,677.4398
cluster_3_2023-07-13,906.1255
cluster_4_2023-07-13,1359.327
cluster_1_2023-07-14,464.94412
cluster_2_2023-07-14,686.4469
cluster_3_2023-07-14,932.8853
cluster_4_2023-07-14,1371.3591
cluster_1_2023-07-15,457.10168
cluster_2_2023-07-15,688.75824
cluster_3_2023-07-15,929.32715
cluster_4_2023-07-15,1361.5574
cluster_1_2023-07-16,455.3322
cluster_2_2023-07-16,690.35205
cluster_3_2023-07-16,942.95026
cluster_4_2023-07-16,1405.4792
cluster_1_2023-07-17,480.10876
cluster_2_2023-07-17,689.0737
cluster_3_2023-07-17,910.77405
cluster_4_2023-07-17,1350.3954
cluster_1_2023-07-18,449.36697
cluster_2_2023-07-18,636.8606
cluster_3_2023-07-18,860.7414
cluster_4_2023-07-18,1262.5166
cluster_1_2023-07-19,419.8303
cluster_2_2023-07-19,588.77686
cluster_3_2023-07-19,817.0658
cluster_4_2023-07-19,1176.2504
cluster_1_2023-07-20,417.59772
cluster_2_2023-07-20,627.02734
cluster_3_2023-07-20,880.33496
cluster_4_2023-07-20,1314.8549
cluster_1_2023-07-21,476.8311
cluster_2_2023-07-21,691.3473
cluster_3_2023-07-21,913.9587
cluster_4_2023-07-21,1354.4768
cluster_1_2023-07-22,455.01672
cluster_2_2023-07-22,673.9484
cluster_3_2023-07-22,922.3365
cluster_4_2023-07-22,1338.4387
cluster_1_2023-07-23,446.67645
cluster_2_2023-07-23,659.4541
cluster_3_2023-07-23,909.54443
cluster_4_2023-07-23,1336.8197
cluster_1_2023-07-24,448.93893
cluster_2_2023-07-24,648.9198
cluster_3_2023-07-24,902.23114
cluster_4_2023-07-24,1325.1063
cluster_1_2023-07-25,451.3329
cluster_2_2023-07-25,623.5081
cluster_3_2023-07-25,857.73755
cluster_4_2023-07-25,1237.6285
cluster_1_2023-07-26,413.73212
cluster_2_2023-07-26,599.41016
cluster_3_2023-07-26,853.4647
cluster_4_2023-07-26,1235.3961
cluster_1_2023-07-27,432.07196
cluster_2_2023-07-27,671.01624
cluster_3_2023-07-27,925.6132
cluster_4_2023-07-27,1388.1604
cluster_1_2023-07-28,485.9621
cluster_2_2023-07-28,726.7121
cluster_3_2023-07-28,974.9766
cluster_4_2023-07-28,1444.4664
cluster_1_2023-07-29,500.34665
cluster_2_2023-07-29,749.11835
cluster_3_2023-07-29,1002.1619
cluster_4_2023-07-29,1433.6444
cluster_1_2023-07-30,489.40378
cluster_2_2023-07-30,704.97375
cluster_3_2023-07-30,933.89734
cluster_4_2023-07-30,1328.7306
cluster_1_2023-07-31,428.20938
cluster_2_2023-07-31,594.6459
cluster_3_2023-07-31,829.3953
cluster_4_2023-07-31,1165.9844
cluster_1_2023-08-01,383.84744
cluster_2_2023-08-01,538.3669
cluster_3_2023-08-01,727.55804
cluster_4_2023-08-01,1042.4387
cluster_1_2023-08-02,380.65836
cluster_2_2023-08-02,519.1142
cluster_3_2023-08-02,702.2348
cluster_4_2023-08-02,1052.5554
cluster_1_2023-08-03,368.15878
cluster_2_2023-08-03,544.88806
cluster_3_2023-08-03,746.5022
cluster_4_2023-08-03,1117.6544
cluster_1_2023-08-04,375.95642
cluster_2_2023-08-04,564.7944
cluster_3_2023-08-04,771.582
cluster_4_2023-08-04,1119.5332
cluster_1_2023-08-05,373.2334
cluster_2_2023-08-05,542.51715
cluster_3_2023-08-05,738.62714
cluster_4_2023-08-05,1050.8505
cluster_1_2023-08-06,342.5333
cluster_2_2023-08-06,505.04938
cluster_3_2023-08-06,708.6338
cluster_4_2023-08-06,1020.0299
cluster_1_2023-08-07,336.36948
cluster_2_2023-08-07,496.29962
cluster_3_2023-08-07,708.8472
cluster_4_2023-08-07,1033.3024
cluster_1_2023-08-08,
cluster_2_2023-08-08,
cluster_3_2023-08-08,
cluster_4_2023-08-08,
cluster_1_2023-08-09,
cluster_2_2023-08-09,
cluster_3_2023-08-09,
cluster_4_2023-08-09,
cluster_1_2023-08-10,
cluster_2_2023-08-10,
cluster_3_2023-08-10,
cluster_4_2023-08-10,
cluster_1_2023-08-11,
cluster_2_2023-08-11,
cluster_3_2023-08-11,
cluster_4_2023-08-11,
cluster_1_2023-08-12,
cluster_2_2023-08-12,
cluster_3_2023-08-12,
cluster_4_2023-08-12,
cluster_1_2023-08-13,
cluster_2_2023-08-13,
cluster_3_2023-08-13,
cluster_4_2023-08-13,
cluster_1_2023-08-14,
cluster_2_2023-08-14,
cluster_3_2023-08-14,
cluster_4_2023-08-14,
cluster_1_2023-08-15,
cluster_2_2023-08-15,
cluster_3_2023-08-15,
cluster_4_2023-08-15,
cluster_1_2023-08-16,
cluster_2_2023-08-16,
cluster_3_2023-08-16,
cluster_4_2023-08-16,
cluster_1_2023-08-17,
cluster_2_2023-08-17,
cluster_3_2023-08-17,
cluster_4_2023-08-17,
cluster_1_2023-08-18,
cluster_2_2023-08-18,
cluster_3_2023-08-18,
cluster_4_2023-08-18,
cluster_1_2023-08-19,
cluster_2_2023-08-19,
cluster_3_2023-08-19,
cluster_4_2023-08-19,
cluster_1_2023-08-20,
cluster_2_2023-08-20,
cluster_3_2023-08-20,
cluster_4_2023-08-20,
cluster_1_2023-08-21,
cluster_2_2023-08-21,
cluster_3_2023-08-21,
cluster_4_2023-08-21,
cluster_1_2023-08-22,
cluster_2_2023-08-22,
cluster_3_2023-08-22,
cluster_4_2023-08-22,
cluster_1_2023-08-23,
cluster_2_2023-08-23,
cluster_3_2023-08-23,
cluster_4_2023-08-23,
cluster_1_2023-08-24,
cluster_2_2023-08-24,
cluster_3_2023-08-24,
cluster_4_2023-08-24,
cluster_1_2023-08-25,
cluster_2_2023-08-25,
cluster_3_2023-08-25,
cluster_4_2023-08-25,
cluster_1_2023-08-26,
cluster_2_2023-08-26,
cluster_3_2023-08-26,
cluster_4_2023-08-26,
cluster_1_2023-08-27,
cluster_2_2023-08-27,
cluster_3_2023-08-27,
cluster_4_2023-08-27,
cluster_1_2023-08-28,
cluster_2_2023-08-28,
cluster_3_2023-08-28,
cluster_4_2023-08-28,
cluster_1_2023-08-29,
cluster_2_2023-08-29,
cluster_3_2023-08-29,
cluster_4_2023-08-29,
cluster_1_2023-08-30,
cluster_2_2023-08-30,
cluster_3_2023-08-30,
cluster_4_2023-08-30,
cluster_1_2023-08-31,
cluster_2_2023-08-31,
cluster_3_2023-08-31,
cluster_4_2023-08-31,
cluster_1_2023-09-01,
cluster_2_2023-09-01,
cluster_3_2023-09-01,
cluster_4_2023-09-01,
cluster_1_2023-09-02,
cluster_2_2023-09-02,
cluster_3_2023-09-02,
cluster_4_2023-09-02,
cluster_1_2023-09-03,
cluster_2_2023-09-03,
cluster_3_2023-09-03,
cluster_4_2023-09-03,
cluster_1_2023-09-04,
cluster_2_2023-09-04,
cluster_3_2023-09-04,
cluster_4_2023-09-04,
cluster_1_2023-09-05,
cluster_2_2023-09-05,
cluster_3_2023-09-05,
cluster_4_2023-09-05,
cluster_1_2023-09-06,
cluster_2_2023-09-06,
cluster_3_2023-09-06,
cluster_4_2023-09-06,
cluster_1_2023-09-07,
cluster_2_2023-09-07,
cluster_3_2023-09-07,
cluster_4_2023-09-07,
cluster_1_2023-09-08,
cluster_2_2023-09-08,
cluster_3_2023-09-08,
cluster_4_2023-09-08,
cluster_1_2023-09-09,
cluster_2_2023-09-09,
cluster_3_2023-09-09,
cluster_4_2023-09-09,
cluster_1_2023-09-10,
cluster_2_2023-09-10,
cluster_3_2023-09-10,
cluster_4_2023-09-10,
cluster_1_2023-09-11,
cluster_2_2023-09-11,
cluster_3_2023-09-11,
cluster_4_2023-09-11,
cluster_1_2023-09-12,
cluster_2_2023-09-12,
cluster_3_2023-09-12,
cluster_4_2023-09-12,
cluster_1_2023-09-13,
cluster_2_2023-09-13,
cluster_3_2023-09-13,
cluster_4_2023-09-13,
cluster_1_2023-09-14,
cluster_2_2023-09-14,
cluster_3_2023-09-14,
cluster_4_2023-09-14,
cluster_1_2023-09-15,
cluster_2_2023-09-15,
cluster_3_2023-09-15,
cluster_4_2023-09-15,
cluster_1_2023-09-16,
cluster_2_2023-09-16,
cluster_3_2023-09-16,
cluster_4_2023-09-16,
cluster_1_2023-09-17,
cluster_2_2023-09-17,
cluster_3_2023-09-17,
cluster_4_2023-09-17,
cluster_1_2023-09-18,
cluster_2_2023-09-18,
cluster_3_2023-09-18,
cluster_4_2023-09-18,
cluster_1_2023-09-19,
cluster_2_2023-09-19,
cluster_3_2023-09-19,
cluster_4_2023-09-19,
cluster_1_2023-09-20,
cluster_2_2023-09-20,
cluster_3_2023-09-20,
cluster_4_2023-09-20,
cluster_1_2023-09-21,
cluster_2_2023-09-21,
cluster_3_2023-09-21,
cluster_4_2023-09-21,
cluster_1_2023-09-22,
cluster_2_2023-09-22,
cluster_3_2023-09-22,
cluster_4_2023-09-22,
cluster_1_2023-09-23,
cluster_2_2023-09-23,
cluster_3_2023-09-23,
cluster_4_2023-09-23,
cluster_1_2023-09-24,
cluster_2_2023-09-24,
cluster_3_2023-09-24,
cluster_4_2023-09-24,
cluster_1_2023-09-25,
cluster_2_2023-09-25,
cluster_3_2023-09-25,
cluster_4_2023-09-25,
cluster_1_2023-09-26,
cluster_2_2023-09-26,
cluster_3_2023-09-26,
cluster_4_2023-09-26,
cluster_1_2023-09-27,
cluster_2_2023-09-27,
cluster_3_2023-09-27,
cluster_4_2023-09-27,
cluster_1_2023-09-28,
cluster_2_2023-09-28,
cluster_3_2023-09-28,
cluster_4_2023-09-28,
cluster_1_2023-09-29,
cluster_2_2023-09-29,
cluster_3_2023-09-29,
cluster_4_2023-09-29,
cluster_1_2023-09-30,
cluster_2_2023-09-30,
cluster_3_2023-09-30,
cluster_4_2023-09-30,
cluster_1_2023-10-01,
cluster_2_2023-10-01,
cluster_3_2023-10-01,
cluster_4_2023-10-01,
cluster_1_2023-10-02,
cluster_2_2023-10-02,
cluster_3_2023-10-02,
cluster_4_2023-10-02,
cluster_1_2023-10-03,
cluster_2_2023-10-03,
cluster_3_2023-10-03,
cluster_4_2023-10-03,
cluster_1_2023-10-04,
cluster_2_2023-10-04,
cluster_3_2023-10-04,
cluster_4_2023-10-04,
cluster_1_2023-10-05,
cluster_2_2023-10-05,
cluster_3_2023-10-05,
cluster_4_2023-10-05,
cluster_1_2023-10-06,
cluster_2_2023-10-06,
cluster_3_2023-10-06,
cluster_4_2023-10-06,
cluster_1_2023-10-07,
cluster_2_2023-10-07,
cluster_3_2023-10-07,
cluster_4_2023-10-07,
cluster_1_2023-10-08,
cluster_2_2023-10-08,
cluster_3_2023-10-08,
cluster_4_2023-10-08,
cluster_1_2023-10-09,
cluster_2_2023-10-09,
cluster_3_2023-10-09,
cluster_4_2023-10-09,
cluster_1_2023-10-10,
cluster_2_2023-10-10,
cluster_3_2023-10-10,
cluster_4_2023-10-10,
cluster_1_2023-10-11,
cluster_2_2023-10-11,
cluster_3_2023-10-11,
cluster_4_2023-10-11,
cluster_1_2023-10-12,
cluster_2_2023-10-12,
cluster_3_2023-10-12,
cluster_4_2023-10-12,
cluster_1_2023-10-13,
cluster_2_2023-10-13,
cluster_3_2023-10-13,
cluster_4_2023-10-13,
cluster_1_2023-10-14,
cluster_2_2023-10-14,
cluster_3_2023-10-14,
cluster_4_2023-10-14,
cluster_1_2023-10-15,
cluster_2_2023-10-15,
cluster_3_2023-10-15,
cluster_4_2023-10-15,
cluster_1_2023-10-16,
cluster_2_2023-10-16,
cluster_3_2023-10-16,
cluster_4_2023-10-16,
cluster_1_2023-10-17,
cluster_2_2023-10-17,
cluster_3_2023-10-17,
cluster_4_2023-10-17,
cluster_1_2023-10-18,
cluster_2_2023-10-18,
cluster_3_2023-10-18,
cluster_4_2023-10-18,
cluster_1_2023-10-19,
cluster_2_2023-10-19,
cluster_3_2023-10-19,
cluster_4_2023-10-19,
cluster_1_2023-10-20,
cluster_2_2023-10-20,
cluster_3_2023-10-20,
cluster_4_2023-10-20,
cluster_1_2023-10-21,
cluster_2_2023-10-21,
cluster_3_2023-10-21,
cluster_4_2023-10-21,
cluster_1_2023-10-22,
cluster_2_2023-10-22,
cluster_3_2023-10-22,
cluster_4_2023-10-22,
cluster_1_2023-10-23,
cluster_2_2023-10-23,
cluster_3_2023-10-23,
cluster_4_2023-10-23,
cluster_1_2023-10-24,
cluster_2_2023-10-24,
cluster_3_2023-10-24,
cluster_4_2023-10-24,
cluster_1_2023-10-25,
cluster_2_2023-10-25,
cluster_3_2023-10-25,
cluster_4_2023-10-25,
cluster_1_2023-10-26,
cluster_2_2023-10-26,
cluster_3_2023-10-26,
cluster_4_2023-10-26,
cluster_1_2023-10-27,
cluster_2_2023-10-27,
cluster_3_2023-10-27,
cluster_4_2023-10-27,
cluster_1_2023-10-28,
cluster_2_2023-10-28,
cluster_3_2023-10-28,
cluster_4_2023-10-28,
cluster_1_2023-10-29,
cluster_2_2023-10-29,
cluster_3_2023-10-29,
cluster_4_2023-10-29,
cluster_1_2023-10-30,
cluster_2_2023-10-30,
cluster_3_2023-10-30,
cluster_4_2023-10-30,
cluster_1_2023-10-31,
cluster_2_2023-10-31,
cluster_3_2023-10-31,
cluster_4_2023-10-31,
cluster_1_2023-11-01,
cluster_2_2023-11-01,
cluster_3_2023-11-01,
cluster_4_2023-11-01,
cluster_1_2023-11-02,
cluster_2_2023-11-02,
cluster_3_2023-11-02,
cluster_4_2023-11-02,
cluster_1_2023-11-03,
cluster_2_2023-11-03,
cluster_3_2023-11-03,
cluster_4_2023-11-03,
cluster_1_2023-11-04,
cluster_2_2023-11-04,
cluster_3_2023-11-04,
cluster_4_2023-11-04,
cluster_1_2023-11-05,
cluster_2_2023-11-05,
cluster_3_2023-11-05,
cluster_4_2023-11-05,
cluster_1_2023-11-06,
cluster_2_2023-11-06,
cluster_3_2023-11-06,
cluster_4_2023-11-06,
cluster_1_2023-11-07,
cluster_2_2023-11-07,
cluster_3_2023-11-07,
cluster_4_2023-11-07,
cluster_1_2023-11-08,
cluster_2_2023-11-08,
cluster_3_2023-11-08,
cluster_4_2023-11-08,
cluster_1_2023-11-09,
cluster_2_2023-11-09,
cluster_3_2023-11-09,
cluster_4_2023-11-09,
cluster_1_2023-11-10,
cluster_2_2023-11-10,
cluster_3_2023-11-10,
cluster_4_2023-11-10,
cluster_1_2023-11-11,
cluster_2_2023-11-11,
cluster_3_2023-11-11,
cluster_4_2023-11-11,
cluster_1_2023-11-12,
cluster_2_2023-11-12,
cluster_3_2023-11-12,
cluster_4_2023-11-12,
cluster_1_2023-11-13,
cluster_2_2023-11-13,
cluster_3_2023-11-13,
cluster_4_2023-11-13,
cluster_1_2023-11-14,
cluster_2_2023-11-14,
cluster_3_2023-11-14,
cluster_4_2023-11-14,
cluster_1_2023-11-15,
cluster_2_2023-11-15,
cluster_3_2023-11-15,
cluster_4_2023-11-15,
cluster_1_2023-11-16,
cluster_2_2023-11-16,
cluster_3_2023-11-16,
cluster_4_2023-11-16,
cluster_1_2023-11-17,
cluster_2_2023-11-17,
cluster_3_2023-11-17,
cluster_4_2023-11-17,
cluster_1_2023-11-18,
cluster_2_2023-11-18,
cluster_3_2023-11-18,
cluster_4_2023-11-18,
cluster_1_2023-11-19,
cluster_2_2023-11-19,
cluster_3_2023-11-19,
cluster_4_2023-11-19,
cluster_1_2023-11-20,
cluster_2_2023-11-20,
cluster_3_2023-11-20,
cluster_4_2023-11-20,
cluster_1_2023-11-21,
cluster_2_2023-11-21,
cluster_3_2023-11-21,
cluster_4_2023-11-21,
cluster_1_2023-11-22,
cluster_2_2023-11-22,
cluster_3_2023-11-22,
cluster_4_2023-11-22,
cluster_1_2023-11-23,
cluster_2_2023-11-23,
cluster_3_2023-11-23,
cluster_4_2023-11-23,
cluster_1_2023-11-24,
cluster_2_2023-11-24,
cluster_3_2023-11-24,
cluster_4_2023-11-24,
cluster_1_2023-11-25,
cluster_2_2023-11-25,
cluster_3_2023-11-25,
cluster_4_2023-11-25,
cluster_1_2023-11-26,
cluster_2_2023-11-26,
cluster_3_2023-11-26,
cluster_4_2023-11-26,
cluster_1_2023-11-27,
cluster_2_2023-11-27,
cluster_3_2023-11-27,
cluster_4_2023-11-27,
cluster_1_2023-11-28,
cluster_2_2023-11-28,
cluster_3_2023-11-28,
cluster_4_2023-11-28,
cluster_1_2023-11-29,
cluster_2_2023-11-29,
cluster_3_2023-11-29,
cluster_4_2023-11-29,
cluster_1_2023-11-30,
cluster_2_2023-11-30,
cluster_3_2023-11-30,
cluster_4_2023-11-30,
cluster_1_2023-12-01,
cluster_2_2023-12-01,
cluster_3_2023-12-01,
cluster_4_2023-12-01,
cluster_1_2023-12-02,
cluster_2_2023-12-02,
cluster_3_2023-12-02,
cluster_4_2023-12-02,
cluster_1_2023-12-03,
cluster_2_2023-12-03,
cluster_3_2023-12-03,
cluster_4_2023-12-03,
cluster_1_2023-12-04,
cluster_2_2023-12-04,
cluster_3_2023-12-04,
cluster_4_2023-12-04,
cluster_1_2023-12-05,
cluster_2_2023-12-05,
cluster_3_2023-12-05,
cluster_4_2023-12-05,
cluster_1_2023-12-06,
cluster_2_2023-12-06,
cluster_3_2023-12-06,
cluster_4_2023-12-06,
cluster_1_2023-12-07,
cluster_2_2023-12-07,
cluster_3_2023-12-07,
cluster_4_2023-12-07,
cluster_1_2023-12-08,
cluster_2_2023-12-08,
cluster_3_2023-12-08,
cluster_4_2023-12-08,
cluster_1_2023-12-09,
cluster_2_2023-12-09,
cluster_3_2023-12-09,
cluster_4_2023-12-09,
cluster_1_2023-12-10,
cluster_2_2023-12-10,
cluster_3_2023-12-10,
cluster_4_2023-12-10,
cluster_1_2023-12-11,
cluster_2_2023-12-11,
cluster_3_2023-12-11,
cluster_4_2023-12-11,
cluster_1_2023-12-12,
cluster_2_2023-12-12,
cluster_3_2023-12-12,
cluster_4_2023-12-12,
cluster_1_2023-12-13,
cluster_2_2023-12-13,
cluster_3_2023-12-13,
cluster_4_2023-12-13,
cluster_1_2023-12-14,
cluster_2_2023-12-14,
cluster_3_2023-12-14,
cluster_4_2023-12-14,
cluster_1_2023-12-15,
cluster_2_2023-12-15,
cluster_3_2023-12-15,
cluster_4_2023-12-15,
cluster_1_2023-12-16,
cluster_2_2023-12-16,
cluster_3_2023-12-16,
cluster_4_2023-12-16,
cluster_1_2023-12-17,
cluster_2_2023-12-17,
cluster_3_2023-12-17,
cluster_4_2023-12-17,
cluster_1_2023-12-18,
cluster_2_2023-12-18,
cluster_3_2023-12-18,
cluster_4_2023-12-18,
cluster_1_2023-12-19,
cluster_2_2023-12-19,
cluster_3_2023-12-19,
cluster_4_2023-12-19,
cluster_1_2023-12-20,
cluster_2_2023-12-20,
cluster_3_2023-12-20,
cluster_4_2023-12-20,
cluster_1_2023-12-21,
cluster_2_2023-12-21,
cluster_3_2023-12-21,
cluster_4_2023-12-21,
cluster_1_2023-12-22,
cluster_2_2023-12-22,
cluster_3_2023-12-22,
cluster_4_2023-12-22,
cluster_1_2023-12-23,
cluster_2_2023-12-23,
cluster_3_2023-12-23,
cluster_4_2023-12-23,
cluster_1_2023-12-24,
cluster_2_2023-12-24,
cluster_3_2023-12-24,
cluster_4_2023-12-24,
cluster_1_2023-12-25,
cluster_2_2023-12-25,
cluster_3_2023-12-25,
cluster_4_2023-12-25,
cluster_1_2023-12-26,
cluster_2_2023-12-26,
cluster_3_2023-12-26,
cluster_4_2023-12-26,
cluster_1_2023-12-27,
cluster_2_2023-12-27,
cluster_3_2023-12-27,
cluster_4_2023-12-27,
cluster_1_2023-12-28,
cluster_2_2023-12-28,
cluster_3_2023-12-28,
cluster_4_2023-12-28,
cluster_1_2023-12-29,
cluster_2_2023-12-29,
cluster_3_2023-12-29,
cluster_4_2023-12-29,
cluster_1_2023-12-30,
cluster_2_2023-12-30,
cluster_3_2023-12-30,
cluster_4_2023-12-30,
cluster_1_2023-12-31,
cluster_2_2023-12-31,
cluster_3_2023-12-31,
cluster_4_2023-12-31,
cluster_1_2024-01-01,
cluster_2_2024-01-01,
cluster_3_2024-01-01,
cluster_4_2024-01-01,
cluster_1_2024-01-02,
cluster_2_2024-01-02,
cluster_3_2024-01-02,
cluster_4_2024-01-02,
cluster_1_2024-01-03,
cluster_2_2024-01-03,
cluster_3_2024-01-03,
cluster_4_2024-01-03,
cluster_1_2024-01-04,
cluster_2_2024-01-04,
cluster_3_2024-01-04,
cluster_4_2024-01-04,
cluster_1_2024-01-05,
cluster_2_2024-01-05,
cluster_3_2024-01-05,
cluster_4_2024-01-05,
cluster_1_2024-01-06,
cluster_2_2024-01-06,
cluster_3_2024-01-06,
cluster_4_2024-01-06,
cluster_1_2024-01-07,
cluster_2_2024-01-07,
cluster_3_2024-01-07,
cluster_4_2024-01-07,
cluster_1_2024-01-08,
cluster_2_2024-01-08,
cluster_3_2024-01-08,
cluster_4_2024-01-08,
cluster_1_2024-01-09,
cluster_2_2024-01-09,
cluster_3_2024-01-09,
cluster_4_2024-01-09,
cluster_1_2024-01-10,
cluster_2_2024-01-10,
cluster_3_2024-01-10,
cluster_4_2024-01-10,
cluster_1_2024-01-11,
cluster_2_2024-01-11,
cluster_3_2024-01-11,
cluster_4_2024-01-11,
cluster_1_2024-01-12,
cluster_2_2024-01-12,
cluster_3_2024-01-12,
cluster_4_2024-01-12,
cluster_1_2024-01-13,
cluster_2_2024-01-13,
cluster_3_2024-01-13,
cluster_4_2024-01-13,
cluster_1_2024-01-14,
cluster_2_2024-01-14,
cluster_3_2024-01-14,
cluster_4_2024-01-14,
cluster_1_2024-01-15,
cluster_2_2024-01-15,
cluster_3_2024-01-15,
cluster_4_2024-01-15,
cluster_1_2024-01-16,
cluster_2_2024-01-16,
cluster_3_2024-01-16,
cluster_4_2024-01-16,
cluster_1_2024-01-17,
cluster_2_2024-01-17,
cluster_3_2024-01-17,
cluster_4_2024-01-17,
cluster_1_2024-01-18,
cluster_2_2024-01-18,
cluster_3_2024-01-18,
cluster_4_2024-01-18,
cluster_1_2024-01-19,
cluster_2_2024-01-19,
cluster_3_2024-01-19,
cluster_4_2024-01-19,
cluster_1_2024-01-20,
cluster_2_2024-01-20,
cluster_3_2024-01-20,
cluster_4_2024-01-20,
cluster_1_2024-01-21,
cluster_2_2024-01-21,
cluster_3_2024-01-21,
cluster_4_2024-01-21,
cluster_1_2024-01-22,
cluster_2_2024-01-22,
cluster_3_2024-01-22,
cluster_4_2024-01-22,
cluster_1_2024-01-23,
cluster_2_2024-01-23,
cluster_3_2024-01-23,
cluster_4_2024-01-23,
cluster_1_2024-01-24,
cluster_2_2024-01-24,
cluster_3_2024-01-24,
cluster_4_2024-01-24,
cluster_1_2024-01-25,
cluster_2_2024-01-25,
cluster_3_2024-01-25,
cluster_4_2024-01-25,
cluster_1_2024-01-26,
cluster_2_2024-01-26,
cluster_3_2024-01-26,
cluster_4_2024-01-26,
cluster_1_2024-01-27,
cluster_2_2024-01-27,
cluster_3_2024-01-27,
cluster_4_2024-01-27,
cluster_1_2024-01-28,
cluster_2_2024-01-28,
cluster_3_2024-01-28,
cluster_4_2024-01-28,
cluster_1_2024-01-29,
cluster_2_2024-01-29,
cluster_3_2024-01-29,
cluster_4_2024-01-29,
cluster_1_2024-01-30,
cluster_2_2024-01-30,
cluster_3_2024-01-30,
cluster_4_2024-01-30,
cluster_1_2024-01-31,
cluster_2_2024-01-31,
cluster_3_2024-01-31,
cluster_4_2024-01-31,
cluster_1_2024-02-01,
cluster_2_2024-02-01,
cluster_3_2024-02-01,
cluster_4_2024-02-01,
cluster_1_2024-02-02,
cluster_2_2024-02-02,
cluster_3_2024-02-02,
cluster_4_2024-02-02,
cluster_1_2024-02-03,
cluster_2_2024-02-03,
cluster_3_2024-02-03,
cluster_4_2024-02-03,
cluster_1_2024-02-04,
cluster_2_2024-02-04,
cluster_3_2024-02-04,
cluster_4_2024-02-04,
cluster_1_2024-02-05,
cluster_2_2024-02-05,
cluster_3_2024-02-05,
cluster_4_2024-02-05,
cluster_1_2024-02-06,
cluster_2_2024-02-06,
cluster_3_2024-02-06,
cluster_4_2024-02-06,
cluster_1_2024-02-07,
cluster_2_2024-02-07,
cluster_3_2024-02-07,
cluster_4_2024-02-07,
cluster_1_2024-02-08,
cluster_2_2024-02-08,
cluster_3_2024-02-08,
cluster_4_2024-02-08,
cluster_1_2024-02-09,
cluster_2_2024-02-09,
cluster_3_2024-02-09,
cluster_4_2024-02-09,
cluster_1_2024-02-10,
cluster_2_2024-02-10,
cluster_3_2024-02-10,
cluster_4_2024-02-10,
cluster_1_2024-02-11,
cluster_2_2024-02-11,
cluster_3_2024-02-11,
cluster_4_2024-02-11,
cluster_1_2024-02-12,
cluster_2_2024-02-12,
cluster_3_2024-02-12,
cluster_4_2024-02-12,
cluster_1_2024-02-13,
cluster_2_2024-02-13,
cluster_3_2024-02-13,
cluster_4_2024-02-13,
cluster_1_2024-02-14,
cluster_2_2024-02-14,
cluster_3_2024-02-14,
cluster_4_2024-02-14,
cluster_1_2024-02-15,
cluster_2_2024-02-15,
cluster_3_2024-02-15,
cluster_4_2024-02-15,
cluster_1_2024-02-16,
cluster_2_2024-02-16,
cluster_3_2024-02-16,
cluster_4_2024-02-16,
cluster_1_2024-02-17,
cluster_2_2024-02-17,
cluster_3_2024-02-17,
cluster_4_2024-02-17,
cluster_1_2024-02-18,
cluster_2_2024-02-18,
cluster_3_2024-02-18,
cluster_4_2024-02-18,
cluster_1_2024-02-19,
cluster_2_2024-02-19,
cluster_3_2024-02-19,
cluster_4_2024-02-19,
cluster_1_2024-02-20,
cluster_2_2024-02-20,
cluster_3_2024-02-20,
cluster_4_2024-02-20,
cluster_1_2024-02-21,
cluster_2_2024-02-21,
cluster_3_2024-02-21,
cluster_4_2024-02-21,
cluster_1_2024-02-22,
cluster_2_2024-02-22,
cluster_3_2024-02-22,
cluster_4_2024-02-22,
cluster_1_2024-02-23,
cluster_2_2024-02-23,
cluster_3_2024-02-23,
cluster_4_2024-02-23,
cluster_1_2024-02-24,
cluster_2_2024-02-24,
cluster_3_2024-02-24,
cluster_4_2024-02-24,
cluster_1_2024-02-25,
cluster_2_2024-02-25,
cluster_3_2024-02-25,
cluster_4_2024-02-25,
cluster_1_2024-02-26,
cluster_2_2024-02-26,
cluster_3_2024-02-26,
cluster_4_2024-02-26,
cluster_1_2024-02-27,
cluster_2_2024-02-27,
cluster_3_2024-02-27,
cluster_4_2024-02-27,
cluster_1_2024-02-28,
cluster_2_2024-02-28,
cluster_3_2024-02-28,
cluster_4_2024-02-28,
cluster_1_2024-02-29,
cluster_2_2024-02-29,
cluster_3_2024-02-29,
cluster_4_2024-02-29,
cluster_1_2024-03-01,
cluster_2_2024-03-01,
cluster_3_2024-03-01,
cluster_4_2024-03-01,
cluster_1_2024-03-02,
cluster_2_2024-03-02,
cluster_3_2024-03-02,
cluster_4_2024-03-02,
cluster_1_2024-03-03,
cluster_2_2024-03-03,
cluster_3_2024-03-03,
cluster_4_2024-03-03,
cluster_1_2024-03-04,
cluster_2_2024-03-04,
cluster_3_2024-03-04,
cluster_4_2024-03-04,
cluster_1_2024-03-05,
cluster_2_2024-03-05,
cluster_3_2024-03-05,
cluster_4_2024-03-05,
cluster_1_2024-03-06,
cluster_2_2024-03-06,
cluster_3_2024-03-06,
cluster_4_2024-03-06,
cluster_1_2024-03-07,
cluster_2_2024-03-07,
cluster_3_2024-03-07,
cluster_4_2024-03-07,
cluster_1_2024-03-08,
cluster_2_2024-03-08,
cluster_3_2024-03-08,
cluster_4_2024-03-08,
cluster_1_2024-03-09,
cluster_2_2024-03-09,
cluster_3_2024-03-09,
cluster_4_2024-03-09,
cluster_1_2024-03-10,
cluster_2_2024-03-10,
cluster_3_2024-03-10,
cluster_4_2024-03-10,
cluster_1_2024-03-11,
cluster_2_2024-03-11,
cluster_3_2024-03-11,
cluster_4_2024-03-11,
cluster_1_2024-03-12,
cluster_2_2024-03-12,
cluster_3_2024-03-12,
cluster_4_2024-03-12,
cluster_1_2024-03-13,
cluster_2_2024-03-13,
cluster_3_2024-03-13,
cluster_4_2024-03-13,
cluster_1_2024-03-14,
cluster_2_2024-03-14,
cluster_3_2024-03-14,
cluster_4_2024-03-14,
cluster_1_2024-03-15,
cluster_2_2024-03-15,
cluster_3_2024-03-15,
cluster_4_2024-03-15,
cluster_1_2024-03-16,
cluster_2_2024-03-16,
cluster_3_2024-03-16,
cluster_4_2024-03-16,
cluster_1_2024-03-17,
cluster_2_2024-03-17,
cluster_3_2024-03-17,
cluster_4_2024-03-17,
cluster_1_2024-03-18,
cluster_2_2024-03-18,
cluster_3_2024-03-18,
cluster_4_2024-03-18,
cluster_1_2024-03-19,
cluster_2_2024-03-19,
cluster_3_2024-03-19,
cluster_4_2024-03-19,
cluster_1_2024-03-20,
cluster_2_2024-03-20,
cluster_3_2024-03-20,
cluster_4_2024-03-20,
cluster_1_2024-03-21,
cluster_2_2024-03-21,
cluster_3_2024-03-21,
cluster_4_2024-03-21,
cluster_1_2024-03-22,
cluster_2_2024-03-22,
cluster_3_2024-03-22,
cluster_4_2024-03-22,
cluster_1_2024-03-23,
cluster_2_2024-03-23,
cluster_3_2024-03-23,
cluster_4_2024-03-23,
cluster_1_2024-03-24,
cluster_2_2024-03-24,
cluster_3_2024-03-24,
cluster_4_2024-03-24,
cluster_1_2024-03-25,
cluster_2_2024-03-25,
cluster_3_2024-03-25,
cluster_4_2024-03-25,
cluster_1_2024-03-26,
cluster_2_2024-03-26,
cluster_3_2024-03-26,
cluster_4_2024-03-26,
cluster_1_2024-03-27,
cluster_2_2024-03-27,
cluster_3_2024-03-27,
cluster_4_2024-03-27,
cluster_1_2024-03-28,
cluster_2_2024-03-28,
cluster_3_2024-03-28,
cluster_4_2024-03-28,
cluster_1_2024-03-29,
cluster_2_2024-03-29,
cluster_3_2024-03-29,
cluster_4_2024-03-29,
cluster_1_2024-03-30,
cluster_2_2024-03-30,
cluster_3_2024-03-30,
cluster_4_2024-03-30,
cluster_1_2024-03-31,
cluster_2_2024-03-31,
cluster_3_2024-03-31,
cluster_4_2024-03-31,
cluster_1_2024-04-01,
cluster_2_2024-04-01,
cluster_3_2024-04-01,
cluster_4_2024-04-01,
cluster_1_2024-04-02,
cluster_2_2024-04-02,
cluster_3_2024-04-02,
cluster_4_2024-04-02,
cluster_1_2024-04-03,
cluster_2_2024-04-03,
cluster_3_2024-04-03,
cluster_4_2024-04-03,
cluster_1_2024-04-04,
cluster_2_2024-04-04,
cluster_3_2024-04-04,
cluster_4_2024-04-04,
cluster_1_2024-04-05,
cluster_2_2024-04-05,
cluster_3_2024-04-05,
cluster_4_2024-04-05,
cluster_1_2024-04-06,
cluster_2_2024-04-06,
cluster_3_2024-04-06,
cluster_4_2024-04-06,
cluster_1_2024-04-07,
cluster_2_2024-04-07,
cluster_3_2024-04-07,
cluster_4_2024-04-07,
cluster_1_2024-04-08,
cluster_2_2024-04-08,
cluster_3_2024-04-08,
cluster_4_2024-04-08,
cluster_1_2024-04-09,
cluster_2_2024-04-09,
cluster_3_2024-04-09,
cluster_4_2024-04-09,
cluster_1_2024-04-10,
cluster_2_2024-04-10,
cluster_3_2024-04-10,
cluster_4_2024-04-10,
cluster_1_2024-04-11,
cluster_2_2024-04-11,
cluster_3_2024-04-11,
cluster_4_2024-04-11,
cluster_1_2024-04-12,
cluster_2_2024-04-12,
cluster_3_2024-04-12,
cluster_4_2024-04-12,
cluster_1_2024-04-13,
cluster_2_2024-04-13,
cluster_3_2024-04-13,
cluster_4_2024-04-13,
cluster_1_2024-04-14,
cluster_2_2024-04-14,
cluster_3_2024-04-14,
cluster_4_2024-04-14,
cluster_1_2024-04-15,
cluster_2_2024-04-15,
cluster_3_2024-04-15,
cluster_4_2024-04-15,
cluster_1_2024-04-16,
cluster_2_2024-04-16,
cluster_3_2024-04-16,
cluster_4_2024-04-16,
cluster_1_2024-04-17,
cluster_2_2024-04-17,
cluster_3_2024-04-17,
cluster_4_2024-04-17,
cluster_1_2024-04-18,
cluster_2_2024-04-18,
cluster_3_2024-04-18,
cluster_4_2024-04-18,
cluster_1_2024-04-19,
cluster_2_2024-04-19,
cluster_3_2024-04-19,
cluster_4_2024-04-19,
cluster_1_2024-04-20,
cluster_2_2024-04-20,
cluster_3_2024-04-20,
cluster_4_2024-04-20,
cluster_1_2024-04-21,
cluster_2_2024-04-21,
cluster_3_2024-04-21,
cluster_4_2024-04-21,
cluster_1_2024-04-22,
cluster_2_2024-04-22,
cluster_3_2024-04-22,
cluster_4_2024-04-22,
cluster_1_2024-04-23,
cluster_2_2024-04-23,
cluster_3_2024-04-23,
cluster_4_2024-04-23,
cluster_1_2024-04-24,
cluster_2_2024-04-24,
cluster_3_2024-04-24,
cluster_4_2024-04-24,
cluster_1_2024-04-25,
cluster_2_2024-04-25,
cluster_3_2024-04-25,
cluster_4_2024-04-25,
cluster_1_2024-04-26,
cluster_2_2024-04-26,
cluster_3_2024-04-26,
cluster_4_2024-04-26,
cluster_1_2024-04-27,
cluster_2_2024-04-27,
cluster_3_2024-04-27,
cluster_4_2024-04-27,
cluster_1_2024-04-28,
cluster_2_2024-04-28,
cluster_3_2024-04-28,
cluster_4_2024-04-28,
cluster_1_2024-04-29,
cluster_2_2024-04-29,
cluster_3_2024-04-29,
cluster_4_2024-04-29,
